id,prompt_name,input,target
0,task001_quoref_question_generation,"In this task, you're given passages that contain mentions of names of people, places, or things. Some of these mentions refer to the same person, place, or thing. Your job is to write questions that evaluate one's understanding of such references. Good questions are expected to link pronouns (she, her, him, his, their, etc.) or other mentions to people, places, or things to which they may refer. Do not ask questions that can be answered correctly without understanding the paragraph or having multiple answers. Avoid questions that do not link phrases referring to the same entity. For each of your questions, the answer should be one or more phrases in the paragraph, and it should be unambiguous.

Passage: The earthquake swarm was noted on October 12, 2007 in the Prince George Citizen by citizen staff, three days after the earthquakes began. Scientists mentioned in the report were seismologist John Cassidy of Natural Resources Canada and volcanologist Catherine Hickson, who was part of the Geological Survey of Canada at the time. At the time of the report, scientists did not know the origin of the swarm. Seismologist John Cassidy stated, ""the depth is enough to rule out hydrothermal but it's up in the air as to whether the cause is tectonic shifts or volcanic activity. If it is volcanic there are certain characteristics that we would expect, there's a tremor-like character to it. And so we'll be looking for the types of events that we see beneath volcanoes and we'll be looking to see if they're getting closer to the surface or if they're migrating at all.""Even if the Nazko swarm were a warning of a volcanic eruption, Hickson doubted it would turn out to be a highly explosive eruption like those that can occur in subduction-zone volcanoes. ""We're not talking about an injection of tonnes of ash many kilometers into the air like the 1980 Mount St. Helens eruption or the 1991 Mount Pinatubo eruption. We're talking about something very small, relatively localized that should have a fairly limited impact... but it'll be extremely exciting"", Hickson said. If an eruption were to occur, Hickson suggested that it would be characterized by a lava fountain that sends globs of lava 100 m (330 ft) into the air. This is similar to those that occur in Hawaii. Hickson said that a Nazko eruption could be a tourist attraction, but warned that noxious gases such as carbon dioxide and sulfur dioxide would be released during the event.",What is the first name of the person who doubted it would turn out to be a highly explosive eruption like those that can occur in subduction-zone volcanoes?
1,task001_quoref_question_generation,"In this task, you're given passages that contain mentions of names of people, places, or things. Some of these mentions refer to the same person, place, or thing. Your job is to write questions that evaluate one's understanding of such references. Good questions are expected to link pronouns (she, her, him, his, their, etc.) or other mentions to people, places, or things to which they may refer. Do not ask questions that can be answered correctly without understanding the paragraph or having multiple answers. Avoid questions that do not link phrases referring to the same entity. For each of your questions, the answer should be one or more phrases in the paragraph, and it should be unambiguous.

Passage: Philip Arnold Heseltine (30 October 1894 – 17 December 1930), known by the pseudonym Peter Warlock, was a British composer and music critic. The Warlock name, which reflects Heseltine's interest in occult practices, was used for all his published musical works. He is best known as a composer of songs and other vocal music; he also achieved notoriety in his lifetime through his unconventional and often scandalous lifestyle.
As a schoolboy at Eton College, Heseltine met the British composer Frederick Delius, with whom he formed a close friendship. After a failed student career in Oxford and London, Heseltine turned to musical journalism, while developing interests in folk-song and Elizabethan music. His first serious compositions date from around 1915. Following a period of inactivity, a positive and lasting influence on his work arose from his meeting in 1916 with the Dutch composer Bernard van Dieren; he also gained creative impetus from a year spent in Ireland, studying Celtic culture and language. On his return to England in 1918, Heseltine began composing songs in a distinctive, original style, while building a reputation as a combative and controversial music critic.  During 1920–21 he edited the music magazine The Sackbut. His most prolific period as a composer came in the 1920s, when he was based first in Wales and later at Eynsford in Kent.
Through his critical writings, published under his own name, Heseltine made a pioneering contribution to the scholarship of early music. In addition, he produced a full-length biography of Frederick Delius and wrote, edited, or otherwise assisted the production of several other books and pamphlets. Towards the end of his life, Heseltine became depressed by a loss of his creative inspiration. He died in his London flat of coal gas poisoning in 1930, probably by his own hand.",What is the last name of the person who is best known as a composer of songs and other vocal music?
2,task001_quoref_question_generation,"In this task, you're given passages that contain mentions of names of people, places, or things. Some of these mentions refer to the same person, place, or thing. Your job is to write questions that evaluate one's understanding of such references. Good questions are expected to link pronouns (she, her, him, his, their, etc.) or other mentions to people, places, or things to which they may refer. Do not ask questions that can be answered correctly without understanding the paragraph or having multiple answers. Avoid questions that do not link phrases referring to the same entity. For each of your questions, the answer should be one or more phrases in the paragraph, and it should be unambiguous.

Passage: Philip Arnold Heseltine (30 October 1894 – 17 December 1930), known by the pseudonym Peter Warlock, was a British composer and music critic. The Warlock name, which reflects Heseltine's interest in occult practices, was used for all his published musical works. He is best known as a composer of songs and other vocal music; he also achieved notoriety in his lifetime through his unconventional and often scandalous lifestyle.
As a schoolboy at Eton College, Heseltine met the British composer Frederick Delius, with whom he formed a close friendship. After a failed student career in Oxford and London, Heseltine turned to musical journalism, while developing interests in folk-song and Elizabethan music. His first serious compositions date from around 1915. Following a period of inactivity, a positive and lasting influence on his work arose from his meeting in 1916 with the Dutch composer Bernard van Dieren; he also gained creative impetus from a year spent in Ireland, studying Celtic culture and language. On his return to England in 1918, Heseltine began composing songs in a distinctive, original style, while building a reputation as a combative and controversial music critic.  During 1920–21 he edited the music magazine The Sackbut. His most prolific period as a composer came in the 1920s, when he was based first in Wales and later at Eynsford in Kent.
Through his critical writings, published under his own name, Heseltine made a pioneering contribution to the scholarship of early music. In addition, he produced a full-length biography of Frederick Delius and wrote, edited, or otherwise assisted the production of several other books and pamphlets. Towards the end of his life, Heseltine became depressed by a loss of his creative inspiration. He died in his London flat of coal gas poisoning in 1930, probably by his own hand.",What is the last name of the person who also achieved notoriety in his lifetime through his unconventional and often scandalous lifestyle?
3,task001_quoref_question_generation,"In this task, you're given passages that contain mentions of names of people, places, or things. Some of these mentions refer to the same person, place, or thing. Your job is to write questions that evaluate one's understanding of such references. Good questions are expected to link pronouns (she, her, him, his, their, etc.) or other mentions to people, places, or things to which they may refer. Do not ask questions that can be answered correctly without understanding the paragraph or having multiple answers. Avoid questions that do not link phrases referring to the same entity. For each of your questions, the answer should be one or more phrases in the paragraph, and it should be unambiguous.

Passage: Philip Arnold Heseltine (30 October 1894 – 17 December 1930), known by the pseudonym Peter Warlock, was a British composer and music critic. The Warlock name, which reflects Heseltine's interest in occult practices, was used for all his published musical works. He is best known as a composer of songs and other vocal music; he also achieved notoriety in his lifetime through his unconventional and often scandalous lifestyle.
As a schoolboy at Eton College, Heseltine met the British composer Frederick Delius, with whom he formed a close friendship. After a failed student career in Oxford and London, Heseltine turned to musical journalism, while developing interests in folk-song and Elizabethan music. His first serious compositions date from around 1915. Following a period of inactivity, a positive and lasting influence on his work arose from his meeting in 1916 with the Dutch composer Bernard van Dieren; he also gained creative impetus from a year spent in Ireland, studying Celtic culture and language. On his return to England in 1918, Heseltine began composing songs in a distinctive, original style, while building a reputation as a combative and controversial music critic.  During 1920–21 he edited the music magazine The Sackbut. His most prolific period as a composer came in the 1920s, when he was based first in Wales and later at Eynsford in Kent.
Through his critical writings, published under his own name, Heseltine made a pioneering contribution to the scholarship of early music. In addition, he produced a full-length biography of Frederick Delius and wrote, edited, or otherwise assisted the production of several other books and pamphlets. Towards the end of his life, Heseltine became depressed by a loss of his creative inspiration. He died in his London flat of coal gas poisoning in 1930, probably by his own hand.",What is the last name of the person whose first serious compositions date from around 1915?
4,task002_quoref_answer_generation,"In this task, you're expected to write answers to questions involving multiple references to the same entity. The answer to the question should be unambiguous and a phrase in the paragraph. Most questions can have only one correct answer.

Passage: The earthquake swarm was noted on October 12, 2007 in the Prince George Citizen by citizen staff, three days after the earthquakes began. Scientists mentioned in the report were seismologist John Cassidy of Natural Resources Canada and volcanologist Catherine Hickson, who was part of the Geological Survey of Canada at the time. At the time of the report, scientists did not know the origin of the swarm. Seismologist John Cassidy stated, ""the depth is enough to rule out hydrothermal but it's up in the air as to whether the cause is tectonic shifts or volcanic activity. If it is volcanic there are certain characteristics that we would expect, there's a tremor-like character to it. And so we'll be looking for the types of events that we see beneath volcanoes and we'll be looking to see if they're getting closer to the surface or if they're migrating at all.""Even if the Nazko swarm were a warning of a volcanic eruption, Hickson doubted it would turn out to be a highly explosive eruption like those that can occur in subduction-zone volcanoes. ""We're not talking about an injection of tonnes of ash many kilometers into the air like the 1980 Mount St. Helens eruption or the 1991 Mount Pinatubo eruption. We're talking about something very small, relatively localized that should have a fairly limited impact... but it'll be extremely exciting"", Hickson said. If an eruption were to occur, Hickson suggested that it would be characterized by a lava fountain that sends globs of lava 100 m (330 ft) into the air. This is similar to those that occur in Hawaii. Hickson said that a Nazko eruption could be a tourist attraction, but warned that noxious gases such as carbon dioxide and sulfur dioxide would be released during the event. 
Question: What is the first name of the person who doubted it would turn out to be a highly explosive eruption like those that can occur in subduction-zone volcanoes?",Catherine.
5,task002_quoref_answer_generation,"In this task, you're expected to write answers to questions involving multiple references to the same entity. The answer to the question should be unambiguous and a phrase in the paragraph. Most questions can have only one correct answer.

Passage: Philip Arnold Heseltine (30 October 1894 – 17 December 1930), known by the pseudonym Peter Warlock, was a British composer and music critic. The Warlock name, which reflects Heseltine's interest in occult practices, was used for all his published musical works. He is best known as a composer of songs and other vocal music; he also achieved notoriety in his lifetime through his unconventional and often scandalous lifestyle.
As a schoolboy at Eton College, Heseltine met the British composer Frederick Delius, with whom he formed a close friendship. After a failed student career in Oxford and London, Heseltine turned to musical journalism, while developing interests in folk-song and Elizabethan music. His first serious compositions date from around 1915. Following a period of inactivity, a positive and lasting influence on his work arose from his meeting in 1916 with the Dutch composer Bernard van Dieren; he also gained creative impetus from a year spent in Ireland, studying Celtic culture and language. On his return to England in 1918, Heseltine began composing songs in a distinctive, original style, while building a reputation as a combative and controversial music critic.  During 1920–21 he edited the music magazine The Sackbut. His most prolific period as a composer came in the 1920s, when he was based first in Wales and later at Eynsford in Kent.
Through his critical writings, published under his own name, Heseltine made a pioneering contribution to the scholarship of early music. In addition, he produced a full-length biography of Frederick Delius and wrote, edited, or otherwise assisted the production of several other books and pamphlets. Towards the end of his life, Heseltine became depressed by a loss of his creative inspiration. He died in his London flat of coal gas poisoning in 1930, probably by his own hand. 
Question: What is the last name of the person who is best known as a composer of songs and other vocal music?",Heseltine.
6,task002_quoref_answer_generation,"In this task, you're expected to write answers to questions involving multiple references to the same entity. The answer to the question should be unambiguous and a phrase in the paragraph. Most questions can have only one correct answer.

Passage: Philip Arnold Heseltine (30 October 1894 – 17 December 1930), known by the pseudonym Peter Warlock, was a British composer and music critic. The Warlock name, which reflects Heseltine's interest in occult practices, was used for all his published musical works. He is best known as a composer of songs and other vocal music; he also achieved notoriety in his lifetime through his unconventional and often scandalous lifestyle.
As a schoolboy at Eton College, Heseltine met the British composer Frederick Delius, with whom he formed a close friendship. After a failed student career in Oxford and London, Heseltine turned to musical journalism, while developing interests in folk-song and Elizabethan music. His first serious compositions date from around 1915. Following a period of inactivity, a positive and lasting influence on his work arose from his meeting in 1916 with the Dutch composer Bernard van Dieren; he also gained creative impetus from a year spent in Ireland, studying Celtic culture and language. On his return to England in 1918, Heseltine began composing songs in a distinctive, original style, while building a reputation as a combative and controversial music critic.  During 1920–21 he edited the music magazine The Sackbut. His most prolific period as a composer came in the 1920s, when he was based first in Wales and later at Eynsford in Kent.
Through his critical writings, published under his own name, Heseltine made a pioneering contribution to the scholarship of early music. In addition, he produced a full-length biography of Frederick Delius and wrote, edited, or otherwise assisted the production of several other books and pamphlets. Towards the end of his life, Heseltine became depressed by a loss of his creative inspiration. He died in his London flat of coal gas poisoning in 1930, probably by his own hand. 
Question: What is the last name of the person who also achieved notoriety in his lifetime through his unconventional and often scandalous lifestyle?",Heseltine.
7,task002_quoref_answer_generation,"In this task, you're expected to write answers to questions involving multiple references to the same entity. The answer to the question should be unambiguous and a phrase in the paragraph. Most questions can have only one correct answer.

Passage: Philip Arnold Heseltine (30 October 1894 – 17 December 1930), known by the pseudonym Peter Warlock, was a British composer and music critic. The Warlock name, which reflects Heseltine's interest in occult practices, was used for all his published musical works. He is best known as a composer of songs and other vocal music; he also achieved notoriety in his lifetime through his unconventional and often scandalous lifestyle.
As a schoolboy at Eton College, Heseltine met the British composer Frederick Delius, with whom he formed a close friendship. After a failed student career in Oxford and London, Heseltine turned to musical journalism, while developing interests in folk-song and Elizabethan music. His first serious compositions date from around 1915. Following a period of inactivity, a positive and lasting influence on his work arose from his meeting in 1916 with the Dutch composer Bernard van Dieren; he also gained creative impetus from a year spent in Ireland, studying Celtic culture and language. On his return to England in 1918, Heseltine began composing songs in a distinctive, original style, while building a reputation as a combative and controversial music critic.  During 1920–21 he edited the music magazine The Sackbut. His most prolific period as a composer came in the 1920s, when he was based first in Wales and later at Eynsford in Kent.
Through his critical writings, published under his own name, Heseltine made a pioneering contribution to the scholarship of early music. In addition, he produced a full-length biography of Frederick Delius and wrote, edited, or otherwise assisted the production of several other books and pamphlets. Towards the end of his life, Heseltine became depressed by a loss of his creative inspiration. He died in his London flat of coal gas poisoning in 1930, probably by his own hand. 
Question: What is the last name of the person whose first serious compositions date from around 1915?",Heseltine.
8,task022_cosmosqa_passage_inappropriate_binary,"Read the given context and if the the context is inappropriate (e.g., pornographic) or nonsensical (e.g., cannot determine what happenings the context is about), indicate via ""yes"". Otherwise, response via ""no"".

Context: As I was crawling back into bed I realized I did n't feel like puking . The morning sickness has n't been bad , but it 's there . This morning I laid there for a few minutes waiting for the familiar wave of nausea to hit me . When it did n't I woke up Chris and preceded to get a little scared about it .",No.
9,task022_cosmosqa_passage_inappropriate_binary,"Read the given context and if the the context is inappropriate (e.g., pornographic) or nonsensical (e.g., cannot determine what happenings the context is about), indicate via ""yes"". Otherwise, response via ""no"".

Context: Ok anyways we broke up about a month ago and it was two years in october she likes this other guy and says she 's head over hells for him . everyone knows this guy he s slept with 21 women and i m pretty sure that s what he is going to use her for . do u think that it was too quick for her to move on and i m pretty sure he had somthing to do with us breaking up b / c he has tried it with other people as well . but anyways last night my other friend told her straight up b / c she knew the guy that he s a Dick and that he s a ladies man and gets what he wants and takes what he can get .",Yes.
10,task022_cosmosqa_passage_inappropriate_binary,"Read the given context and if the the context is inappropriate (e.g., pornographic) or nonsensical (e.g., cannot determine what happenings the context is about), indicate via ""yes"". Otherwise, response via ""no"".

Context: If you 're wondering why he had n't done this already , it 's because work has been extremely busy recently and there has n't been time . So , that brings me back to the girls and their bugs . We caught several toads in the grass while watching Dad on the roof . They had a great time holding them , watching them jump , etc .",No.
11,task022_cosmosqa_passage_inappropriate_binary,"Read the given context and if the the context is inappropriate (e.g., pornographic) or nonsensical (e.g., cannot determine what happenings the context is about), indicate via ""yes"". Otherwise, response via ""no"".

Context: I already called the company and they said they will come check it out but Hurricane Ike caused a lot of damage so a lot of people already called so they are expected to come check it in weeks . We already tried to do everything they told us to do like plug it in and out and restart the system but nothing helped ! We even went on the roof and made sure all the wires and everything were secure and the dish was perfect . We checked if the wires in the attic were secure too .",No.
12,task023_cosmosqa_question_generation,"Based on the given context, craft a common-sense question, especially those that are LONG, INTERESTING, and COMPLEX. The goal is to write questions that are easy for humans and hard for AI machines! To create such questions, here are some suggestions: A. What may (or may not) be the plausible reason for an event? B. What may (or may not) happen before (or after, or during) an event? C. What may (or may not) be a plausible fact about someone (or something)? D. What may (or may not) happen if an event happens (or did not happen)? You can also create other types of questions. DO NOT make your question answerable without looking at the context, or question of which the correct answer can be directly extracted from the context. DO NOT ask a question that requires very specialized knowledge that is not common sense. DO NOT ask too simple or too short questions. Your question must be related to the context and answerable with common sense. Try to add more variations and complexity to the questions.

Context: Good Old War and person L : I saw both of these bands Wednesday night , and they both blew me away . seriously . Good Old War is acoustic and makes me smile . I really can not help but be happy when I listen to them ; I think it 's the fact that they seemed so happy themselves when they played .","In the future , will this person go to see other bands play ?"
13,task023_cosmosqa_question_generation,"Based on the given context, craft a common-sense question, especially those that are LONG, INTERESTING, and COMPLEX. The goal is to write questions that are easy for humans and hard for AI machines! To create such questions, here are some suggestions: A. What may (or may not) be the plausible reason for an event? B. What may (or may not) happen before (or after, or during) an event? C. What may (or may not) be a plausible fact about someone (or something)? D. What may (or may not) happen if an event happens (or did not happen)? You can also create other types of questions. DO NOT make your question answerable without looking at the context, or question of which the correct answer can be directly extracted from the context. DO NOT ask a question that requires very specialized knowledge that is not common sense. DO NOT ask too simple or too short questions. Your question must be related to the context and answerable with common sense. Try to add more variations and complexity to the questions.

Context: I mean it : not one person said ANYTHING to me . They would have if I did something wrong , right ? But , this morning , I got a call from my guy at the temp agency and he said that I was no longer needed in that position , that I did n't need to go out there .",Why might have the temp agency tell me I am not needed at that position ?
14,task023_cosmosqa_question_generation,"Based on the given context, craft a common-sense question, especially those that are LONG, INTERESTING, and COMPLEX. The goal is to write questions that are easy for humans and hard for AI machines! To create such questions, here are some suggestions: A. What may (or may not) be the plausible reason for an event? B. What may (or may not) happen before (or after, or during) an event? C. What may (or may not) be a plausible fact about someone (or something)? D. What may (or may not) happen if an event happens (or did not happen)? You can also create other types of questions. DO NOT make your question answerable without looking at the context, or question of which the correct answer can be directly extracted from the context. DO NOT ask a question that requires very specialized knowledge that is not common sense. DO NOT ask too simple or too short questions. Your question must be related to the context and answerable with common sense. Try to add more variations and complexity to the questions.

Context: Leaving my shift Thursday day shift I arrived the same time as my partner just after six that evening and before long the radio erupted in dispatch tones . A car fleeing the police has crashed and landed on its roof with four separate people entrapped inside . Our medic unit is dispatched along with multiple other ambulances and Rescue Companies .",What may have caused the radio to erupt with dispatch tones ?
15,task023_cosmosqa_question_generation,"Based on the given context, craft a common-sense question, especially those that are LONG, INTERESTING, and COMPLEX. The goal is to write questions that are easy for humans and hard for AI machines! To create such questions, here are some suggestions: A. What may (or may not) be the plausible reason for an event? B. What may (or may not) happen before (or after, or during) an event? C. What may (or may not) be a plausible fact about someone (or something)? D. What may (or may not) happen if an event happens (or did not happen)? You can also create other types of questions. DO NOT make your question answerable without looking at the context, or question of which the correct answer can be directly extracted from the context. DO NOT ask a question that requires very specialized knowledge that is not common sense. DO NOT ask too simple or too short questions. Your question must be related to the context and answerable with common sense. Try to add more variations and complexity to the questions.

Context: So , last day in Seattle , and my flight was at 1:30 . I got to chit chat with my old manager ( more like a mentor ) , and left Seattle feeling really good and inspired . .",Why did I chit chat with my old manager ?
16,task024_cosmosqa_answer_generation,"Craft one correct answer to the question given in input. To make it more interesting, try to use non-stereotypical language if possible. Make sure your correct answer is reasonably long, consistent with the context, and requires common sense (instead of explicit extraction from the context.) In your answer, use as few words as possible from the given context. Use a response that is uncommon/non-stereotypical, so that it is less predictable. To be less repetitive, please vary your language for each question.

Context: Good Old War and person L : I saw both of these bands Wednesday night , and they both blew me away . seriously . Good Old War is acoustic and makes me smile . I really can not help but be happy when I listen to them ; I think it 's the fact that they seemed so happy themselves when they played . 
Question: In the future , will this person go to see other bands play ?","This person likes music and likes to see the show , they will see other bands play ."
17,task024_cosmosqa_answer_generation,"Craft one correct answer to the question given in input. To make it more interesting, try to use non-stereotypical language if possible. Make sure your correct answer is reasonably long, consistent with the context, and requires common sense (instead of explicit extraction from the context.) In your answer, use as few words as possible from the given context. Use a response that is uncommon/non-stereotypical, so that it is less predictable. To be less repetitive, please vary your language for each question.

Context: I mean it : not one person said ANYTHING to me . They would have if I did something wrong , right ? But , this morning , I got a call from my guy at the temp agency and he said that I was no longer needed in that position , that I did n't need to go out there . 
Question: Why might have the temp agency tell me I am not needed at that position ?",The company hiring the temp workers might have had a change of mind .
18,task024_cosmosqa_answer_generation,"Craft one correct answer to the question given in input. To make it more interesting, try to use non-stereotypical language if possible. Make sure your correct answer is reasonably long, consistent with the context, and requires common sense (instead of explicit extraction from the context.) In your answer, use as few words as possible from the given context. Use a response that is uncommon/non-stereotypical, so that it is less predictable. To be less repetitive, please vary your language for each question.

Context: Leaving my shift Thursday day shift I arrived the same time as my partner just after six that evening and before long the radio erupted in dispatch tones . A car fleeing the police has crashed and landed on its roof with four separate people entrapped inside . Our medic unit is dispatched along with multiple other ambulances and Rescue Companies . 
Question: What may have caused the radio to erupt with dispatch tones ?",Someone was running from the cops and got into a wreck .
19,task024_cosmosqa_answer_generation,"Craft one correct answer to the question given in input. To make it more interesting, try to use non-stereotypical language if possible. Make sure your correct answer is reasonably long, consistent with the context, and requires common sense (instead of explicit extraction from the context.) In your answer, use as few words as possible from the given context. Use a response that is uncommon/non-stereotypical, so that it is less predictable. To be less repetitive, please vary your language for each question.

Context: So , last day in Seattle , and my flight was at 1:30 . I got to chit chat with my old manager ( more like a mentor ) , and left Seattle feeling really good and inspired . . 
Question: Why did I chit chat with my old manager ?",Because I enjoy talking to him .
20,task025_cosmosqa_incorrect_answer_generation,"Craft one incorrect answer. In doing so, try to use words from the context as much as possible, or by using similar words used in the correct answer. DO NOT craft nonsensical or off-topic incorrect answers, such that the incorrect answers can be directly excluded without reasoning according to the context. Try to make your responses similar to the given correct answer. To this end, try to keep both the length and the style as similar as possible between the correct and the incorrect answer. To make your incorrect answers more difficult, try to incorporate words from context. To avoid being predictable or repetitive, try to add more variations and complexity.

Context: Good Old War and person L : I saw both of these bands Wednesday night , and they both blew me away . seriously . Good Old War is acoustic and makes me smile . I really can not help but be happy when I listen to them ; I think it 's the fact that they seemed so happy themselves when they played . 
Question: In the future , will this person go to see other bands play ? 
Correct Answer: This person likes music and likes to see the show , they will see other bands play .",Other Bands is not on tour and this person can not see them .
21,task025_cosmosqa_incorrect_answer_generation,"Craft one incorrect answer. In doing so, try to use words from the context as much as possible, or by using similar words used in the correct answer. DO NOT craft nonsensical or off-topic incorrect answers, such that the incorrect answers can be directly excluded without reasoning according to the context. Try to make your responses similar to the given correct answer. To this end, try to keep both the length and the style as similar as possible between the correct and the incorrect answer. To make your incorrect answers more difficult, try to incorporate words from context. To avoid being predictable or repetitive, try to add more variations and complexity.

Context: Good Old War and person L : I saw both of these bands Wednesday night , and they both blew me away . seriously . Good Old War is acoustic and makes me smile . I really can not help but be happy when I listen to them ; I think it 's the fact that they seemed so happy themselves when they played . 
Question: In the future , will this person go to see other bands play ? 
Correct Answer: This person likes music and likes to see the show , they will see other bands play .","This person only likes Good Old War and Person L , no other bands ."
22,task025_cosmosqa_incorrect_answer_generation,"Craft one incorrect answer. In doing so, try to use words from the context as much as possible, or by using similar words used in the correct answer. DO NOT craft nonsensical or off-topic incorrect answers, such that the incorrect answers can be directly excluded without reasoning according to the context. Try to make your responses similar to the given correct answer. To this end, try to keep both the length and the style as similar as possible between the correct and the incorrect answer. To make your incorrect answers more difficult, try to incorporate words from context. To avoid being predictable or repetitive, try to add more variations and complexity.

Context: I mean it : not one person said ANYTHING to me . They would have if I did something wrong , right ? But , this morning , I got a call from my guy at the temp agency and he said that I was no longer needed in that position , that I did n't need to go out there . 
Question: Why might have the temp agency tell me I am not needed at that position ? 
Correct Answer: The company hiring the temp workers might have had a change of mind .",I might have had a change of mind working for the company .
23,task025_cosmosqa_incorrect_answer_generation,"Craft one incorrect answer. In doing so, try to use words from the context as much as possible, or by using similar words used in the correct answer. DO NOT craft nonsensical or off-topic incorrect answers, such that the incorrect answers can be directly excluded without reasoning according to the context. Try to make your responses similar to the given correct answer. To this end, try to keep both the length and the style as similar as possible between the correct and the incorrect answer. To make your incorrect answers more difficult, try to incorporate words from context. To avoid being predictable or repetitive, try to add more variations and complexity.

Context: I mean it : not one person said ANYTHING to me . They would have if I did something wrong , right ? But , this morning , I got a call from my guy at the temp agency and he said that I was no longer needed in that position , that I did n't need to go out there . 
Question: Why might have the temp agency tell me I am not needed at that position ? 
Correct Answer: The company hiring the temp workers might have had a change of mind .",The temp agency hiring the temp workers might have had a change of mind .
24,task026_drop_question_generation,"This task involves creating questions from a given passage that involve some kind of complex reasoning (including numerical reasoning). 
The generated questions must require looking at more than one part of the passage to answer. Try to use a variety of reasoning types in your questions (some of the sample reasoning types are illustrated in the 'positive examples' field) and also have a variety of answer types (spans, numbers, dates). A span is a continuous phrase taken directly from the passage or question. In such questions, the answer spans are recommended to be five words. Questions with answer type ""number"", are expected to start with ""How many"". For instance, ""How long did an event last?"" can be phrased as ""How many years did an event last?"". To increase diversity, try to create more questions for which the answer will be multiple spans. Please create questions that require AT LEAST 2 arithmetic operations as illustrated in the 'positive examples' field. You are encouraged to try DIFFERENT COMBINATIONS of operations and not just limit to the combinations shown in those examples. The more challenging questions you create, the better it is.

Passage: Hoping to rebound from their loss to the Patriots, the Raiders stayed at home for a Week 16 duel with the Houston Texans.  Oakland would get the early lead in the first quarter as quarterback JaMarcus Russell completed a 20-yard touchdown pass to rookie wide receiver Chaz Schilens.  The Texans would respond with fullback Vonta Leach getting a 1-yard touchdown run, yet the Raiders would answer with kicker Sebastian Janikowski getting a 33-yard and a 30-yard field goal.  Houston would tie the game in the second quarter with kicker Kris Brown getting a 53-yard and a 24-yard field goal. Oakland would take the lead in the third quarter with wide receiver Johnnie Lee Higgins catching a 29-yard touchdown pass from Russell, followed up by an 80-yard punt return for a touchdown.  The Texans tried to rally in the fourth quarter as Brown nailed a 40-yard field goal, yet the Raiders' defense would shut down any possible attempt.",How many field goals did Kris Brown kick?
25,task026_drop_question_generation,"This task involves creating questions from a given passage that involve some kind of complex reasoning (including numerical reasoning). 
The generated questions must require looking at more than one part of the passage to answer. Try to use a variety of reasoning types in your questions (some of the sample reasoning types are illustrated in the 'positive examples' field) and also have a variety of answer types (spans, numbers, dates). A span is a continuous phrase taken directly from the passage or question. In such questions, the answer spans are recommended to be five words. Questions with answer type ""number"", are expected to start with ""How many"". For instance, ""How long did an event last?"" can be phrased as ""How many years did an event last?"". To increase diversity, try to create more questions for which the answer will be multiple spans. Please create questions that require AT LEAST 2 arithmetic operations as illustrated in the 'positive examples' field. You are encouraged to try DIFFERENT COMBINATIONS of operations and not just limit to the combinations shown in those examples. The more challenging questions you create, the better it is.

Passage: Hoping to rebound from their loss to the Patriots, the Raiders stayed at home for a Week 16 duel with the Houston Texans.  Oakland would get the early lead in the first quarter as quarterback JaMarcus Russell completed a 20-yard touchdown pass to rookie wide receiver Chaz Schilens.  The Texans would respond with fullback Vonta Leach getting a 1-yard touchdown run, yet the Raiders would answer with kicker Sebastian Janikowski getting a 33-yard and a 30-yard field goal.  Houston would tie the game in the second quarter with kicker Kris Brown getting a 53-yard and a 24-yard field goal. Oakland would take the lead in the third quarter with wide receiver Johnnie Lee Higgins catching a 29-yard touchdown pass from Russell, followed up by an 80-yard punt return for a touchdown.  The Texans tried to rally in the fourth quarter as Brown nailed a 40-yard field goal, yet the Raiders' defense would shut down any possible attempt.",How many field goals did Sebastian Janikowski and Kris Brown both score each?
26,task026_drop_question_generation,"This task involves creating questions from a given passage that involve some kind of complex reasoning (including numerical reasoning). 
The generated questions must require looking at more than one part of the passage to answer. Try to use a variety of reasoning types in your questions (some of the sample reasoning types are illustrated in the 'positive examples' field) and also have a variety of answer types (spans, numbers, dates). A span is a continuous phrase taken directly from the passage or question. In such questions, the answer spans are recommended to be five words. Questions with answer type ""number"", are expected to start with ""How many"". For instance, ""How long did an event last?"" can be phrased as ""How many years did an event last?"". To increase diversity, try to create more questions for which the answer will be multiple spans. Please create questions that require AT LEAST 2 arithmetic operations as illustrated in the 'positive examples' field. You are encouraged to try DIFFERENT COMBINATIONS of operations and not just limit to the combinations shown in those examples. The more challenging questions you create, the better it is.

Passage: Hoping to rebound from their loss to the Patriots, the Raiders stayed at home for a Week 16 duel with the Houston Texans.  Oakland would get the early lead in the first quarter as quarterback JaMarcus Russell completed a 20-yard touchdown pass to rookie wide receiver Chaz Schilens.  The Texans would respond with fullback Vonta Leach getting a 1-yard touchdown run, yet the Raiders would answer with kicker Sebastian Janikowski getting a 33-yard and a 30-yard field goal.  Houston would tie the game in the second quarter with kicker Kris Brown getting a 53-yard and a 24-yard field goal. Oakland would take the lead in the third quarter with wide receiver Johnnie Lee Higgins catching a 29-yard touchdown pass from Russell, followed up by an 80-yard punt return for a touchdown.  The Texans tried to rally in the fourth quarter as Brown nailed a 40-yard field goal, yet the Raiders' defense would shut down any possible attempt.",How many field goals did both teams kick in the first half?
27,task026_drop_question_generation,"This task involves creating questions from a given passage that involve some kind of complex reasoning (including numerical reasoning). 
The generated questions must require looking at more than one part of the passage to answer. Try to use a variety of reasoning types in your questions (some of the sample reasoning types are illustrated in the 'positive examples' field) and also have a variety of answer types (spans, numbers, dates). A span is a continuous phrase taken directly from the passage or question. In such questions, the answer spans are recommended to be five words. Questions with answer type ""number"", are expected to start with ""How many"". For instance, ""How long did an event last?"" can be phrased as ""How many years did an event last?"". To increase diversity, try to create more questions for which the answer will be multiple spans. Please create questions that require AT LEAST 2 arithmetic operations as illustrated in the 'positive examples' field. You are encouraged to try DIFFERENT COMBINATIONS of operations and not just limit to the combinations shown in those examples. The more challenging questions you create, the better it is.

Passage: Hoping to rebound from their loss to the Patriots, the Raiders stayed at home for a Week 16 duel with the Houston Texans.  Oakland would get the early lead in the first quarter as quarterback JaMarcus Russell completed a 20-yard touchdown pass to rookie wide receiver Chaz Schilens.  The Texans would respond with fullback Vonta Leach getting a 1-yard touchdown run, yet the Raiders would answer with kicker Sebastian Janikowski getting a 33-yard and a 30-yard field goal.  Houston would tie the game in the second quarter with kicker Kris Brown getting a 53-yard and a 24-yard field goal. Oakland would take the lead in the third quarter with wide receiver Johnnie Lee Higgins catching a 29-yard touchdown pass from Russell, followed up by an 80-yard punt return for a touchdown.  The Texans tried to rally in the fourth quarter as Brown nailed a 40-yard field goal, yet the Raiders' defense would shut down any possible attempt.",How many field goals were scored in the game?
28,task027_drop_answer_type_generation,"This task involves annotating the answer type to a given question that involve some kind of complex reasoning (including numerical reasoning). Note that the questions require looking at more than one part of the passage to answer. There are 3 possible answer types (i) spans, (ii) numbers and (iii) dates. If the answer can be found in the passage, label it as ""span"". If the answer is a number, label as ""number"". Similarly, label ""date"" if you think the answer to the given question is a date.

Passage: Since 1995, Fortune (magazine) has ranked Adobe as an outstanding place to work. Adobe was rated the 5th best U.S. company to work for in 2003, 6th in 2004, 31st in 2007, 40th in 2008, 11th in 2009, 42nd in 2010, 65th in 2011, 41st in 2012, and 83rd in 2013. In October 2008, Adobe Systems Canada Inc. was named one of ""Canadas Top 100 Employers"" by Mediacorp Canada Inc., and was featured in Macleans newsmagazine.
Question: In which year was there the smallest change in Adobe's ranking from the year before?",date
29,task027_drop_answer_type_generation,"This task involves annotating the answer type to a given question that involve some kind of complex reasoning (including numerical reasoning). Note that the questions require looking at more than one part of the passage to answer. There are 3 possible answer types (i) spans, (ii) numbers and (iii) dates. If the answer can be found in the passage, label it as ""span"". If the answer is a number, label as ""number"". Similarly, label ""date"" if you think the answer to the given question is a date.

Passage: A census in 1891 of uncertain accuracy gave a figure of 43,796 inhabitants, 79% of whom were Chinese (71% of the Chinese were Hakka people), 14% Malay, and 6% Indian. Another estimate put the population of Kuala Lumpur in 1890 at 20,000. In 1931, 61% of Kuala Lumpurs 111,418 inhabitants were Chinese, and in 1947 63.5%. The Malays however began to settle in the Kuala Lumpur in significant numbers, in part due to government employment, as well as the expansion of the city that absorbed the surrounding rural areas where many Malays lived. Between 1947 and 1957 the population of Malays in Kuala Lumpur doubled, increasing from 12.5 to 15%, while the proportion of Chinese dropped. The process continued after Malayan independence with the growth of a largely Malay civil service, and later the implementation of the Malaysian New Economic Policy which encouraged Malay participation in urban industries and business. In 1980 the population of Kuala Lumpur had reached over a million, with 52% Chinese, 33% Malay, and 15% Indian. From 1980 to 2000 the number of Bumiputras increased by 77%, but the Chinese still outnumbered the Bumiputras in Kuala Lumpur in the 2000 census at 43% compared to Bumiputras at 38%. By the 2010 census, according to the Department of Statistics and excluding non-citizens, the percentage of the Bumiputera (Malaysia) population in Kuala Lumpur had reached around 45.9% (44.7% Malay), with the Chinese population at 43.2% and Indians 10.3%.
Question: How many percent of people were not Malay in 1891?",number
30,task027_drop_answer_type_generation,"This task involves annotating the answer type to a given question that involve some kind of complex reasoning (including numerical reasoning). Note that the questions require looking at more than one part of the passage to answer. There are 3 possible answer types (i) spans, (ii) numbers and (iii) dates. If the answer can be found in the passage, label it as ""span"". If the answer is a number, label as ""number"". Similarly, label ""date"" if you think the answer to the given question is a date.

Passage: Still, the people of Liège refused to accept Burgundian rule. In October 1468, 240 rebels, under Jean de Wilde, Vincent de Bueren and Gosuin de Streel, invaded the city. In the confusion, Guy of Humbercourt and the entire Burgundian garrison fled. Liège was free again and Jean de Wilde occupied the Prince-Bishops' palace. One night, a Liège militia attacked Tongeren and killed all Burgundians there. After this, Jean de Wilde opened negotiations with Guy of Humbercourt. But Charles the Bold had other plans: he led an army towards Liège to deal once and for all with the rebellious city. He was accompanied by Louis XI of France. Several cities on their path were plundered, including Tongeren. On 22 October, a 500-strong militia that tried to stop the Burgundians at the village of Lantin were driven into the church and burned alive. Vincent de Bueren organised the defence of the city of Liège and achieved some successes with hit-and-run sorties. Jean de Wilde was mortally wounded during the raid of 26 October and died two days later. Best known is the attack by the six hundred Franchimontois in the night of 29-30 October, who sneaked out of the city and attacked the sleeping Burgundians, with the aim of killing the Duke and the King. The plan failed and all 600, including Vincent de Bueren and Gosuin de Streel, were killed. The next day, Liège surrendered, and at the command of Charles the Bold, hundreds of Liègois were tied together and thrown into the Meuse river. The city was set alight and is said to have burned for seven weeks.
Question: What was the date of Jean de Wilde's death?",date
31,task027_drop_answer_type_generation,"This task involves annotating the answer type to a given question that involve some kind of complex reasoning (including numerical reasoning). Note that the questions require looking at more than one part of the passage to answer. There are 3 possible answer types (i) spans, (ii) numbers and (iii) dates. If the answer can be found in the passage, label it as ""span"". If the answer is a number, label as ""number"". Similarly, label ""date"" if you think the answer to the given question is a date.

Passage: Titans got their fifth straight win as they play at home against the Jacksonville Jaguars. In the first quarter, Pacman Jones intercepted a pass at Tennessee's 17-yard line and returns it 83 yards for a touchdown, bringing the Titans up 7-0. Later, Maurice Jones-Drew runs the ball 12 yards for a touchdown, tying the score 7-7. In the second quarter, Jaguars kicker Josh Scobee made a 43-yard field goal, putting the Jaguars up 10-7 at halftime. In the third quarter, the Titans managed to score 17 points and keep the Jaguars scoreless for that quarter. Kicker Rob Bironas made a field goal from 27 yards out. Later, Cortland Finnegan returned a loose ball 92 yards for a touchdown. Later, Chris Hope intercepted the ball and returned it 61 yards for another touchdown. At the end of the third quarter, the Titans were up by 14 points. In the fourth quarter, WR Matt Jones caught a 3-yard pass from Jaguars quarterback David Garrard. The final score was 24-17, Titans.  With the win, the Titans improved to 7-7.
Question: How many touchdowns were scored in the game?",number
32,task028_drop_answer_generation,"This task involves creating answers to complex questions, from a given passage. Answering these questions, typically involve understanding multiple sentences. Make sure that your answer has the same type as the ""answer type"" mentioned in input. The provided ""answer type"" can be of any of the following types: ""span"", ""date"", ""number"". A ""span"" answer is a continuous phrase taken directly from the passage or question. You can directly copy-paste the text from the passage or the question for span type answers. If you find multiple spans, please add them all as a comma separated list. Please restrict each span to five words. A ""number"" type answer can include a digit specifying an actual value. For ""date"" type answers, use DD MM YYYY format e.g. 11 Jan 1992. If full date is not available in the passage you can write partial date such as 1992 or Jan 1992. If you find multiple spans, please add them all as a comma separated list. Please restrict each span to five words.

Passage: Hoping to rebound from their loss to the Patriots, the Raiders stayed at home for a Week 16 duel with the Houston Texans.  Oakland would get the early lead in the first quarter as quarterback JaMarcus Russell completed a 20-yard touchdown pass to rookie wide receiver Chaz Schilens.  The Texans would respond with fullback Vonta Leach getting a 1-yard touchdown run, yet the Raiders would answer with kicker Sebastian Janikowski getting a 33-yard and a 30-yard field goal.  Houston would tie the game in the second quarter with kicker Kris Brown getting a 53-yard and a 24-yard field goal. Oakland would take the lead in the third quarter with wide receiver Johnnie Lee Higgins catching a 29-yard touchdown pass from Russell, followed up by an 80-yard punt return for a touchdown.  The Texans tried to rally in the fourth quarter as Brown nailed a 40-yard field goal, yet the Raiders' defense would shut down any possible attempt. 
Question: How many field goals did Kris Brown kick? 
Answer type: Number",3.
33,task028_drop_answer_generation,"This task involves creating answers to complex questions, from a given passage. Answering these questions, typically involve understanding multiple sentences. Make sure that your answer has the same type as the ""answer type"" mentioned in input. The provided ""answer type"" can be of any of the following types: ""span"", ""date"", ""number"". A ""span"" answer is a continuous phrase taken directly from the passage or question. You can directly copy-paste the text from the passage or the question for span type answers. If you find multiple spans, please add them all as a comma separated list. Please restrict each span to five words. A ""number"" type answer can include a digit specifying an actual value. For ""date"" type answers, use DD MM YYYY format e.g. 11 Jan 1992. If full date is not available in the passage you can write partial date such as 1992 or Jan 1992. If you find multiple spans, please add them all as a comma separated list. Please restrict each span to five words.

Passage: Hoping to rebound from their loss to the Patriots, the Raiders stayed at home for a Week 16 duel with the Houston Texans.  Oakland would get the early lead in the first quarter as quarterback JaMarcus Russell completed a 20-yard touchdown pass to rookie wide receiver Chaz Schilens.  The Texans would respond with fullback Vonta Leach getting a 1-yard touchdown run, yet the Raiders would answer with kicker Sebastian Janikowski getting a 33-yard and a 30-yard field goal.  Houston would tie the game in the second quarter with kicker Kris Brown getting a 53-yard and a 24-yard field goal. Oakland would take the lead in the third quarter with wide receiver Johnnie Lee Higgins catching a 29-yard touchdown pass from Russell, followed up by an 80-yard punt return for a touchdown.  The Texans tried to rally in the fourth quarter as Brown nailed a 40-yard field goal, yet the Raiders' defense would shut down any possible attempt. 
Question: How many field goals did both teams kick in the first half? 
Answer type: Number",2.
34,task028_drop_answer_generation,"This task involves creating answers to complex questions, from a given passage. Answering these questions, typically involve understanding multiple sentences. Make sure that your answer has the same type as the ""answer type"" mentioned in input. The provided ""answer type"" can be of any of the following types: ""span"", ""date"", ""number"". A ""span"" answer is a continuous phrase taken directly from the passage or question. You can directly copy-paste the text from the passage or the question for span type answers. If you find multiple spans, please add them all as a comma separated list. Please restrict each span to five words. A ""number"" type answer can include a digit specifying an actual value. For ""date"" type answers, use DD MM YYYY format e.g. 11 Jan 1992. If full date is not available in the passage you can write partial date such as 1992 or Jan 1992. If you find multiple spans, please add them all as a comma separated list. Please restrict each span to five words.

Passage: Hoping to rebound from their loss to the Patriots, the Raiders stayed at home for a Week 16 duel with the Houston Texans.  Oakland would get the early lead in the first quarter as quarterback JaMarcus Russell completed a 20-yard touchdown pass to rookie wide receiver Chaz Schilens.  The Texans would respond with fullback Vonta Leach getting a 1-yard touchdown run, yet the Raiders would answer with kicker Sebastian Janikowski getting a 33-yard and a 30-yard field goal.  Houston would tie the game in the second quarter with kicker Kris Brown getting a 53-yard and a 24-yard field goal. Oakland would take the lead in the third quarter with wide receiver Johnnie Lee Higgins catching a 29-yard touchdown pass from Russell, followed up by an 80-yard punt return for a touchdown.  The Texans tried to rally in the fourth quarter as Brown nailed a 40-yard field goal, yet the Raiders' defense would shut down any possible attempt. 
Question: How many more yards was Kris Browns's first field goal over his second? 
Answer type: Number",29.
35,task028_drop_answer_generation,"This task involves creating answers to complex questions, from a given passage. Answering these questions, typically involve understanding multiple sentences. Make sure that your answer has the same type as the ""answer type"" mentioned in input. The provided ""answer type"" can be of any of the following types: ""span"", ""date"", ""number"". A ""span"" answer is a continuous phrase taken directly from the passage or question. You can directly copy-paste the text from the passage or the question for span type answers. If you find multiple spans, please add them all as a comma separated list. Please restrict each span to five words. A ""number"" type answer can include a digit specifying an actual value. For ""date"" type answers, use DD MM YYYY format e.g. 11 Jan 1992. If full date is not available in the passage you can write partial date such as 1992 or Jan 1992. If you find multiple spans, please add them all as a comma separated list. Please restrict each span to five words.

Passage: Hoping to rebound from their loss to the Patriots, the Raiders stayed at home for a Week 16 duel with the Houston Texans.  Oakland would get the early lead in the first quarter as quarterback JaMarcus Russell completed a 20-yard touchdown pass to rookie wide receiver Chaz Schilens.  The Texans would respond with fullback Vonta Leach getting a 1-yard touchdown run, yet the Raiders would answer with kicker Sebastian Janikowski getting a 33-yard and a 30-yard field goal.  Houston would tie the game in the second quarter with kicker Kris Brown getting a 53-yard and a 24-yard field goal. Oakland would take the lead in the third quarter with wide receiver Johnnie Lee Higgins catching a 29-yard touchdown pass from Russell, followed up by an 80-yard punt return for a touchdown.  The Texans tried to rally in the fourth quarter as Brown nailed a 40-yard field goal, yet the Raiders' defense would shut down any possible attempt. 
Question: How many field goals did Sebastian Janikowski and Kris Brown both score each? 
Answer type: Number",2.
36,task043_essential_terms_answering_incomplete_questions,"In this task, you need to answer basic science questions. For each question, several terms are intentionally masked with ***. This masking can cover very few or many of the question words. Clearly, if masked terms are important, the modified question will be impossible to answer. Please indicate the correct answer with one of the following responses: ""A"", ""B"", ""C"", ""D"" or ""E"". While ""A""-""D"" correspond to the answer options provided in the input, ""E"" represents ""I don't know"" for questions that do not provide enough information. Respond via ""E"" if the question is not answerable. Do not generate anything else apart from one of the following characters: 'A', 'B, 'C', 'D', 'E'.

Question: *** purchased a *** for making a *** ramp. Which of the following is most *** to have for *** the *** ***?  (A) a picture showing the colors of different ramp parts (B) a diagram showing some ways to use the ramp (C) a list of prices for other available kits (D) a set of instructions for the kit material.",E.
37,task043_essential_terms_answering_incomplete_questions,"In this task, you need to answer basic science questions. For each question, several terms are intentionally masked with ***. This masking can cover very few or many of the question words. Clearly, if masked terms are important, the modified question will be impossible to answer. Please indicate the correct answer with one of the following responses: ""A"", ""B"", ""C"", ""D"" or ""E"". While ""A""-""D"" correspond to the answer options provided in the input, ""E"" represents ""I don't know"" for questions that do not provide enough information. Respond via ""E"" if the question is not answerable. Do not generate anything else apart from one of the following characters: 'A', 'B, 'C', 'D', 'E'.

Question: *** adaptation *** *** fish *** *** oxygen underwater?  (A) fins (B) lungs (C) gills (D) hear.",C.
38,task043_essential_terms_answering_incomplete_questions,"In this task, you need to answer basic science questions. For each question, several terms are intentionally masked with ***. This masking can cover very few or many of the question words. Clearly, if masked terms are important, the modified question will be impossible to answer. Please indicate the correct answer with one of the following responses: ""A"", ""B"", ""C"", ""D"" or ""E"". While ""A""-""D"" correspond to the answer options provided in the input, ""E"" represents ""I don't know"" for questions that do not provide enough information. Respond via ""E"" if the question is not answerable. Do not generate anything else apart from one of the following characters: 'A', 'B, 'C', 'D', 'E'.

Question: When an *** *** *** in a *** *** is *** to a ***, it ***  (A) a battery. (B) an engine. (C) an insulator. (D) an electromagnet.",E.
39,task043_essential_terms_answering_incomplete_questions,"In this task, you need to answer basic science questions. For each question, several terms are intentionally masked with ***. This masking can cover very few or many of the question words. Clearly, if masked terms are important, the modified question will be impossible to answer. Please indicate the correct answer with one of the following responses: ""A"", ""B"", ""C"", ""D"" or ""E"". While ""A""-""D"" correspond to the answer options provided in the input, ""E"" represents ""I don't know"" for questions that do not provide enough information. Respond via ""E"" if the question is not answerable. Do not generate anything else apart from one of the following characters: 'A', 'B, 'C', 'D', 'E'.

Question: When an iron nail wrapped in a copper *** is attached to a ***, it forms  (A) a battery. (B) an engine. (C) an insulator. (D) an electromagnet.",D.
40,task044_essential_terms_identifying_essential_words,"You are given an elementary science question along with a few answer options. List all the words from the question that are essential and sufficient for choosing the correct answer option. Keep in mind that essential words are necessary to understand the meaning of the given question. However, non-essential words provide little information needed to select the correct answer. You can think about it like this: If the question was in another language, knowing the meaning of which words were necessary and enough for you to understand the question and answer it?. If your answer consists of multiple spans of words from the question, separate those using a comma ("", ""). Do not generate any word that is not present in the question. Make sure that your response is contained in the given question and the words are in the same order as the question.
 Grammatical correctness is not important.

Question: What is the main source of energy for the water cycle? (A) electricity(B) erosion(C) gravity(D) sunlight?","source, energy, water, cycle?"
41,task044_essential_terms_identifying_essential_words,"You are given an elementary science question along with a few answer options. List all the words from the question that are essential and sufficient for choosing the correct answer option. Keep in mind that essential words are necessary to understand the meaning of the given question. However, non-essential words provide little information needed to select the correct answer. You can think about it like this: If the question was in another language, knowing the meaning of which words were necessary and enough for you to understand the question and answer it?. If your answer consists of multiple spans of words from the question, separate those using a comma ("", ""). Do not generate any word that is not present in the question. Make sure that your response is contained in the given question and the words are in the same order as the question.
 Grammatical correctness is not important.

Question: An example of a learned trait is (A) being able to read(B) being able to breathe(C) having a scar(D) having brown eyes?","learned, trait"
42,task044_essential_terms_identifying_essential_words,"You are given an elementary science question along with a few answer options. List all the words from the question that are essential and sufficient for choosing the correct answer option. Keep in mind that essential words are necessary to understand the meaning of the given question. However, non-essential words provide little information needed to select the correct answer. You can think about it like this: If the question was in another language, knowing the meaning of which words were necessary and enough for you to understand the question and answer it?. If your answer consists of multiple spans of words from the question, separate those using a comma ("", ""). Do not generate any word that is not present in the question. Make sure that your response is contained in the given question and the words are in the same order as the question.
 Grammatical correctness is not important.

Question: How does the length of daylight in New York State change from summer to fall? (A) It decreases.(B) It increases.(C) It remains the same.?","daylight, summer, fall?"
43,task044_essential_terms_identifying_essential_words,"You are given an elementary science question along with a few answer options. List all the words from the question that are essential and sufficient for choosing the correct answer option. Keep in mind that essential words are necessary to understand the meaning of the given question. However, non-essential words provide little information needed to select the correct answer. You can think about it like this: If the question was in another language, knowing the meaning of which words were necessary and enough for you to understand the question and answer it?. If your answer consists of multiple spans of words from the question, separate those using a comma ("", ""). Do not generate any word that is not present in the question. Make sure that your response is contained in the given question and the words are in the same order as the question.
 Grammatical correctness is not important.

Question: A student riding a bicycle observes that it moves faster on a smooth road than on a rough road. This happens because the smooth road has (A) less gravity(B) more gravity(C) less friction(D) more friction?","faster, smooth, rough, smooth"
44,task045_miscellaneous_sentence_paraphrasing,"You are given a question, its answer, and a sentence that supports the question, i.e., the answer to the question is inferable from the sentence. In this task, you need to paraphrase the given sentence so that the paraphrased sentence still supports the question i.e. you can still infer the answer to the question from the paraphrased sentence. Do not write a paraphrase with a minor change in the given sentence e.g. replacing the word ""one"" with ""a"". Instead, try to write a paraphrase that contains new words, i.e. the words that are not present in the input sentence.

Question: Lyme disease is caused by what kind of organim? 
Answer: bacteria. 
Sentence: Lyme disease is caused by bacteria.",Bacteria can cause many health issues.  Lyme Disease is one example of that.
45,task045_miscellaneous_sentence_paraphrasing,"You are given a question, its answer, and a sentence that supports the question, i.e., the answer to the question is inferable from the sentence. In this task, you need to paraphrase the given sentence so that the paraphrased sentence still supports the question i.e. you can still infer the answer to the question from the paraphrased sentence. Do not write a paraphrase with a minor change in the given sentence e.g. replacing the word ""one"" with ""a"". Instead, try to write a paraphrase that contains new words, i.e. the words that are not present in the input sentence.

Question: Lyme disease is caused by what kind of organim? 
Answer: bacteria. 
Sentence: Lyme disease is caused by bacteria.",Bacteria causes Lyme disease.
46,task045_miscellaneous_sentence_paraphrasing,"You are given a question, its answer, and a sentence that supports the question, i.e., the answer to the question is inferable from the sentence. In this task, you need to paraphrase the given sentence so that the paraphrased sentence still supports the question i.e. you can still infer the answer to the question from the paraphrased sentence. Do not write a paraphrase with a minor change in the given sentence e.g. replacing the word ""one"" with ""a"". Instead, try to write a paraphrase that contains new words, i.e. the words that are not present in the input sentence.

Question: Lyme disease is caused by what kind of organim? 
Answer: bacteria. 
Sentence: Lyme disease is caused by bacteria.",Bacteria is the organism that causes Lyme Disease.
47,task045_miscellaneous_sentence_paraphrasing,"You are given a question, its answer, and a sentence that supports the question, i.e., the answer to the question is inferable from the sentence. In this task, you need to paraphrase the given sentence so that the paraphrased sentence still supports the question i.e. you can still infer the answer to the question from the paraphrased sentence. Do not write a paraphrase with a minor change in the given sentence e.g. replacing the word ""one"" with ""a"". Instead, try to write a paraphrase that contains new words, i.e. the words that are not present in the input sentence.

Question: Lyme disease is caused by what kind of organim? 
Answer: bacteria. 
Sentence: Lyme disease is caused by bacteria.",Bacteria is the organism that causes Lyme disease.
48,task046_miscellaneous_question_typing,"You are given a question-answer pair. Answer with their type. Pay attention that there may be more than one correct type, but you only have to choose one. In your responses, use of the following types: 
(1) Humans: Any individual or group of humans, including fictional ones (e.g., a group or organization of persons , an individual, title of a person, description of a person); 
(2) Event: Any phenomenon natural or artificial (e.g., named hurricanes, Battles, Wars, Sports events, Terrorist attacks); 
(3) Entity: A thing with distinct and independent existence (Animals, Organs of body, Colors, Inventions, books and other creative pieces, Currency name, Diseases, and medicine, Food, Musical instrument, Languages, Plants, Products, Religions, Sports, Elements and substances, Symbols and signs, Techniques and methods, Equivalent terms, Vehicles);  
(4) Facility: Something built for a particular purpose (Buildings, Airports, Highways, Bridges); 
(5) Location: A place (Cities, Countries, Mountains, States); 
(6) Law: Named documents made into laws (e.g., “the first amendment”, ""civil rights act""); 
(7) Organization: an organized body of people with a particular purpose (Company names, e.g. Google, Cults or terrorist groups, e.g. Al Qaeda); 
(8) Date: Absolute or relative dates or periods, bigger than 1 day (Years, Range, e.g. from Monday to Tuesday, or during the 20th century, Approximate time); 
(9) Time: Any temporal range/unit that is shorter than a day (e.g., 2 o'clock, 1 pm); 
(10) Money: Monetary values, including unit (e.g., ""$26"", ""914$""); 
(11) Quantity: postcodes or other codes, the number of sth, Ranks, fractions, speed, temperature, size, area, and volume, weight (e.g., ""26 degree"" ""17 inch""); 
(12) Description: description and abstract concepts (e.g., the definition of something, the manner of an action, reasons); 
(13) Abbreviation: expression abbreviated (e.g., AMT = abbreviation of Amazon Mechanical Turk). Don't generate any word that is not mentioned in the list of types (Humans, Event, Entity, Facility, Location, Law, Organization, Date, Time, Money, Quantity, Description, Abbreviation). If you can not associate any of the given types with the provided question and answer pair,  respond ""Other"".

Question: In what year did the student paper Common Sense begin publication at Notre Dame? (Answer: 1987).",Quantity.
49,task046_miscellaneous_question_typing,"You are given a question-answer pair. Answer with their type. Pay attention that there may be more than one correct type, but you only have to choose one. In your responses, use of the following types: 
(1) Humans: Any individual or group of humans, including fictional ones (e.g., a group or organization of persons , an individual, title of a person, description of a person); 
(2) Event: Any phenomenon natural or artificial (e.g., named hurricanes, Battles, Wars, Sports events, Terrorist attacks); 
(3) Entity: A thing with distinct and independent existence (Animals, Organs of body, Colors, Inventions, books and other creative pieces, Currency name, Diseases, and medicine, Food, Musical instrument, Languages, Plants, Products, Religions, Sports, Elements and substances, Symbols and signs, Techniques and methods, Equivalent terms, Vehicles);  
(4) Facility: Something built for a particular purpose (Buildings, Airports, Highways, Bridges); 
(5) Location: A place (Cities, Countries, Mountains, States); 
(6) Law: Named documents made into laws (e.g., “the first amendment”, ""civil rights act""); 
(7) Organization: an organized body of people with a particular purpose (Company names, e.g. Google, Cults or terrorist groups, e.g. Al Qaeda); 
(8) Date: Absolute or relative dates or periods, bigger than 1 day (Years, Range, e.g. from Monday to Tuesday, or during the 20th century, Approximate time); 
(9) Time: Any temporal range/unit that is shorter than a day (e.g., 2 o'clock, 1 pm); 
(10) Money: Monetary values, including unit (e.g., ""$26"", ""914$""); 
(11) Quantity: postcodes or other codes, the number of sth, Ranks, fractions, speed, temperature, size, area, and volume, weight (e.g., ""26 degree"" ""17 inch""); 
(12) Description: description and abstract concepts (e.g., the definition of something, the manner of an action, reasons); 
(13) Abbreviation: expression abbreviated (e.g., AMT = abbreviation of Amazon Mechanical Turk). Don't generate any word that is not mentioned in the list of types (Humans, Event, Entity, Facility, Location, Law, Organization, Date, Time, Money, Quantity, Description, Abbreviation). If you can not associate any of the given types with the provided question and answer pair,  respond ""Other"".

Question: What is in front of the Notre Dame Main Building? (Answer: a copper statue of Christ).",Date.
50,task046_miscellaneous_question_typing,"You are given a question-answer pair. Answer with their type. Pay attention that there may be more than one correct type, but you only have to choose one. In your responses, use of the following types: 
(1) Humans: Any individual or group of humans, including fictional ones (e.g., a group or organization of persons , an individual, title of a person, description of a person); 
(2) Event: Any phenomenon natural or artificial (e.g., named hurricanes, Battles, Wars, Sports events, Terrorist attacks); 
(3) Entity: A thing with distinct and independent existence (Animals, Organs of body, Colors, Inventions, books and other creative pieces, Currency name, Diseases, and medicine, Food, Musical instrument, Languages, Plants, Products, Religions, Sports, Elements and substances, Symbols and signs, Techniques and methods, Equivalent terms, Vehicles);  
(4) Facility: Something built for a particular purpose (Buildings, Airports, Highways, Bridges); 
(5) Location: A place (Cities, Countries, Mountains, States); 
(6) Law: Named documents made into laws (e.g., “the first amendment”, ""civil rights act""); 
(7) Organization: an organized body of people with a particular purpose (Company names, e.g. Google, Cults or terrorist groups, e.g. Al Qaeda); 
(8) Date: Absolute or relative dates or periods, bigger than 1 day (Years, Range, e.g. from Monday to Tuesday, or during the 20th century, Approximate time); 
(9) Time: Any temporal range/unit that is shorter than a day (e.g., 2 o'clock, 1 pm); 
(10) Money: Monetary values, including unit (e.g., ""$26"", ""914$""); 
(11) Quantity: postcodes or other codes, the number of sth, Ranks, fractions, speed, temperature, size, area, and volume, weight (e.g., ""26 degree"" ""17 inch""); 
(12) Description: description and abstract concepts (e.g., the definition of something, the manner of an action, reasons); 
(13) Abbreviation: expression abbreviated (e.g., AMT = abbreviation of Amazon Mechanical Turk). Don't generate any word that is not mentioned in the list of types (Humans, Event, Entity, Facility, Location, Law, Organization, Date, Time, Money, Quantity, Description, Abbreviation). If you can not associate any of the given types with the provided question and answer pair,  respond ""Other"".

Question: What is in front of the Notre Dame Main Building? (Answer: a copper statue of Christ).",Entity.
51,task046_miscellaneous_question_typing,"You are given a question-answer pair. Answer with their type. Pay attention that there may be more than one correct type, but you only have to choose one. In your responses, use of the following types: 
(1) Humans: Any individual or group of humans, including fictional ones (e.g., a group or organization of persons , an individual, title of a person, description of a person); 
(2) Event: Any phenomenon natural or artificial (e.g., named hurricanes, Battles, Wars, Sports events, Terrorist attacks); 
(3) Entity: A thing with distinct and independent existence (Animals, Organs of body, Colors, Inventions, books and other creative pieces, Currency name, Diseases, and medicine, Food, Musical instrument, Languages, Plants, Products, Religions, Sports, Elements and substances, Symbols and signs, Techniques and methods, Equivalent terms, Vehicles);  
(4) Facility: Something built for a particular purpose (Buildings, Airports, Highways, Bridges); 
(5) Location: A place (Cities, Countries, Mountains, States); 
(6) Law: Named documents made into laws (e.g., “the first amendment”, ""civil rights act""); 
(7) Organization: an organized body of people with a particular purpose (Company names, e.g. Google, Cults or terrorist groups, e.g. Al Qaeda); 
(8) Date: Absolute or relative dates or periods, bigger than 1 day (Years, Range, e.g. from Monday to Tuesday, or during the 20th century, Approximate time); 
(9) Time: Any temporal range/unit that is shorter than a day (e.g., 2 o'clock, 1 pm); 
(10) Money: Monetary values, including unit (e.g., ""$26"", ""914$""); 
(11) Quantity: postcodes or other codes, the number of sth, Ranks, fractions, speed, temperature, size, area, and volume, weight (e.g., ""26 degree"" ""17 inch""); 
(12) Description: description and abstract concepts (e.g., the definition of something, the manner of an action, reasons); 
(13) Abbreviation: expression abbreviated (e.g., AMT = abbreviation of Amazon Mechanical Turk). Don't generate any word that is not mentioned in the list of types (Humans, Event, Entity, Facility, Location, Law, Organization, Date, Time, Money, Quantity, Description, Abbreviation). If you can not associate any of the given types with the provided question and answer pair,  respond ""Other"".

Question: What is in front of the Notre Dame Main Building? (Answer: a copper statue of Christ).",Event.
52,task047_miscellaneous_answering_science_questions,"In this subtask, you will answer a simple science question. Please indicate the correct answer. If you're not sure about the answer, choose the last option ""I don't know"". Do not generate anything else apart from one of the following characters: 'A', 'B, 'C', 'D', 'E'. The ""A""-""D"" responses correspond to the answer options mentioned in the input. There is a 5th option ""E"" which should be used for questions for which you're not sure about the answer (e.g., when the questions do not provide enough information to answer).

Question: When a guitar string is plucked, sound is produced by  (A) the size of the guitar. (B) the metal on the guitar. (C) the wood on the guitar. (D) the vibrations of the string?",D.
53,task047_miscellaneous_answering_science_questions,"In this subtask, you will answer a simple science question. Please indicate the correct answer. If you're not sure about the answer, choose the last option ""I don't know"". Do not generate anything else apart from one of the following characters: 'A', 'B, 'C', 'D', 'E'. The ""A""-""D"" responses correspond to the answer options mentioned in the input. There is a 5th option ""E"" which should be used for questions for which you're not sure about the answer (e.g., when the questions do not provide enough information to answer).

Question: John was using his mp3 player when it suddenly stopped working. What is the first thing John should do to try correcting the problem?  (A) recharge the battery (B) take the player apart (C) replace the player with a new one (D) change to a different son?",A.
54,task047_miscellaneous_answering_science_questions,"In this subtask, you will answer a simple science question. Please indicate the correct answer. If you're not sure about the answer, choose the last option ""I don't know"". Do not generate anything else apart from one of the following characters: 'A', 'B, 'C', 'D', 'E'. The ""A""-""D"" responses correspond to the answer options mentioned in the input. There is a 5th option ""E"" which should be used for questions for which you're not sure about the answer (e.g., when the questions do not provide enough information to answer).

Question: A student found a rock while hiking in the mountains. By looking at the rock, she could tell the  (A) exact weight of the rock. (B) length of time the rock had been on the hiking path. (C) color and shape of the rock. (D) exact length of the rock?",C.
55,task047_miscellaneous_answering_science_questions,"In this subtask, you will answer a simple science question. Please indicate the correct answer. If you're not sure about the answer, choose the last option ""I don't know"". Do not generate anything else apart from one of the following characters: 'A', 'B, 'C', 'D', 'E'. The ""A""-""D"" responses correspond to the answer options mentioned in the input. There is a 5th option ""E"" which should be used for questions for which you're not sure about the answer (e.g., when the questions do not provide enough information to answer).

Question: A scientist put several different plants in a sealed container. Every hour, she checked the oxygen in the container to see if it changed. How did the oxygen in the container most likely change?  (A) The amount of oxygen increased. (B) The amount of oxygen decreased. (C) The oxygen was transformed into water. (D) The oxygen was transformed into carbon dioxide?",A.
56,task059_ropes_story_generation,"You are given a background paragraph that describes one or more causal or physical relationships, such as a relationship in economics, scientific law, or nature. You need to come up with a fictional story that makes use of the concepts or the relationship described in the provided paragraph. Make sure that your story does not repeat the relation in the given paragraph (e.g., by avoiding verbatim copies of the given paragraph). Start by reading the background paragraph, and determine what relationship(s) are in the paragraph. Write a story that involves the relationship(s) that you determined are in the background paragraph. Try to use your own words as much as possible and not repeat the background paragraph. Feel free to make up places and events as long as they tie back to the background paragraph in a way that you can ask a question about.

Background Paragraph: Passive transport occurs when a substance passes through the cell membrane without needing any energy to pass through. This happens when a substance moves from an area where it is more concentrated to an area where it is less concentrated. Concentration is the number of particles of a substance in a given volume. Let's say you dissolve a teaspoon of salt in a cup of water. Then you dissolve two teaspoons of salt in another cup of water. The second solution will have a higher concentration of salt.","A man put two cups, cup A and cup B, filled with equal amounts of water on to a table and walked away to go check his mail. His son came along and saw the two cups and decided to put some sugar in them to make a tasty drink. The child poured two spoonfuls of sugar into cup A and three spoonfuls of sugar into cup B."
57,task059_ropes_story_generation,"You are given a background paragraph that describes one or more causal or physical relationships, such as a relationship in economics, scientific law, or nature. You need to come up with a fictional story that makes use of the concepts or the relationship described in the provided paragraph. Make sure that your story does not repeat the relation in the given paragraph (e.g., by avoiding verbatim copies of the given paragraph). Start by reading the background paragraph, and determine what relationship(s) are in the paragraph. Write a story that involves the relationship(s) that you determined are in the background paragraph. Try to use your own words as much as possible and not repeat the background paragraph. Feel free to make up places and events as long as they tie back to the background paragraph in a way that you can ask a question about.

Background Paragraph: The epidermis also contains melanocytes, which are cells that produce melanin. Melanin is the brownish pigment that gives skin much of its color. Everyone has about the same number of melanocytes, but the melanocytes of people with darker skin produce more melanin. The amount of melanin produced is determined by heredity and exposure to UV light, which increases melanin output. Exposure to UV light also stimulates the skin to produce vitamin D. Because melanin blocks UV light from penetrating the skin, people with darker skin may be at greater risk of vitamin D deficiency.","Jacob has lived in a city in Sweden for most of his life. His favorite hobbies are reading and playing videogames so he rarely goes outside. Even as a kid, he almost never played outside and instead was in his house most of the time. Martin lives in the middle of the Sahara desert in a small town. The sun almost never stops beating down on Martin during the day and it's hard to find shade where he lives."
58,task059_ropes_story_generation,"You are given a background paragraph that describes one or more causal or physical relationships, such as a relationship in economics, scientific law, or nature. You need to come up with a fictional story that makes use of the concepts or the relationship described in the provided paragraph. Make sure that your story does not repeat the relation in the given paragraph (e.g., by avoiding verbatim copies of the given paragraph). Start by reading the background paragraph, and determine what relationship(s) are in the paragraph. Write a story that involves the relationship(s) that you determined are in the background paragraph. Try to use your own words as much as possible and not repeat the background paragraph. Feel free to make up places and events as long as they tie back to the background paragraph in a way that you can ask a question about.

Background Paragraph: The ionization energies of the representative elements generally decrease from top to bottom within a group. This trend is explained by the increase in size of the atoms within a group. The valence electron that is being removed is further from the nucleus in the case of a larger atom. The attractive force between the valence electron and the nucleus weakens as the distance between them increases and as the shielding effect increases, resulting in a lower ionization energy for the larger atoms within a group. Although the nuclear charge is increased for larger atoms, the shielding effect also increases due to the presence of a larger number of inner electrons. This is particularly easy to see in the alkali metals, where the single valence electron is shielded by all of the inner core electrons.","Joel has just started his first day working as a scientist in a laboratory. The first task he was given is to look at two atoms and to jot down as much information about the two as he can. First, he needs to come up with an identification for these atoms. Since he is new, he decides to keep it professional and simply call the larger of the two atoms ""atom L"" and the smaller one ""atom S"". Now that he's taken care of that he can get down to work."
59,task059_ropes_story_generation,"You are given a background paragraph that describes one or more causal or physical relationships, such as a relationship in economics, scientific law, or nature. You need to come up with a fictional story that makes use of the concepts or the relationship described in the provided paragraph. Make sure that your story does not repeat the relation in the given paragraph (e.g., by avoiding verbatim copies of the given paragraph). Start by reading the background paragraph, and determine what relationship(s) are in the paragraph. Write a story that involves the relationship(s) that you determined are in the background paragraph. Try to use your own words as much as possible and not repeat the background paragraph. Feel free to make up places and events as long as they tie back to the background paragraph in a way that you can ask a question about.

Background Paragraph: At the end of the Proterozoic, the supercontinent Pannotia had broken apart into the smaller continents Laurentia, Baltica, Siberia and Gondwana. During periods when continents move apart, more oceanic crust is formed by volcanic activity. Because young volcanic crust is relatively hotter and less dense than old oceanic crust, the ocean floors rise during such periods. This causes the sea level to rise. Therefore, in the first half of the Paleozoic, large areas of the continents were below sea level.Early Paleozoic climates were warmer than today, but the end of the Ordovician saw a short ice age during which glaciers covered the south pole, where the huge continent Gondwana was situated. Traces of glaciation from this period are only found on former Gondwana. During the Late Ordovician ice age, a few mass extinctions took place, in which many brachiopods, trilobites, Bryozoa and corals disappeared. These marine species could probably not contend with the decreasing temperature of the sea water.The continents Laurentia and Baltica collided between 450 and 400 Ma, during the Caledonian Orogeny, to form Laurussia (also known as Euramerica). Traces of the mountain belt this collision caused can be found in Scandinavia, Scotland, and the northern Appalachians. In the Devonian period (416–359 Ma) Gondwana and Siberia began to move towards Laurussia. The collision of Siberia with Laurussia caused the Uralian Orogeny, the collision of Gondwana with Laurussia is called the Variscan or Hercynian Orogeny in Europe or the Alleghenian Orogeny in North America. The latter phase took place during the Carboniferous period (359–299 Ma) and resulted in the formation of the last supercontinent, Pangaea.By 180 Ma, Pangaea broke up into Laurasia and Gondwana.","Two space explorers are flying around through an unknown galaxy when they discover two new planets. Given that these planets have no names, the explorers decide to name them after themselves. The planet of Sarahn is currently going through a large geographic shift. Many of the continents on the planet are currently breaking apart and moving. Timon, however, has been a stable planet with no continental moving for quite awhile now."
60,task060_ropes_question_generation,"You are given a background paragraph that describes one or more causal or qualitative relationships such as a relationship in economics or a scientific law and a story that makes use of the concepts or the relationship described in the provided paragraph. You need to come up with a question about the story that requires an understanding of the relationship described in the background paragraph. The generated question should not be answerable without both the background and story. Write a question about the story that requires a relationship in the background paragraph to answer. Check whether your question requires both the background paragraph and the story to answer. If your question can be answered by only one of these, try to rewrite your question so that it requires both. Note that ""flipping"" a word in the question can give rise to a new question where the answer will be different from the original question. Often, ""flipping"" a word gives rise to flipping the direction of the relationship, for example, from ""increase"" to ""decrease.""

Background Paragraph: Passive transport occurs when a substance passes through the cell membrane without needing any energy to pass through. This happens when a substance moves from an area where it is more concentrated to an area where it is less concentrated. Concentration is the number of particles of a substance in a given volume. Let's say you dissolve a teaspoon of salt in a cup of water. Then you dissolve two teaspoons of salt in another cup of water. The second solution will have a higher concentration of salt. 
Story: A man put two cups, cup A and cup B, filled with equal amounts of water on to a table and walked away to go check his mail. His son came along and saw the two cups and decided to put some sugar in them to make a tasty drink. The child poured two spoonfuls of sugar into cup A and three spoonfuls of sugar into cup B.",Which cup has a higher concentration of sugar?
61,task060_ropes_question_generation,"You are given a background paragraph that describes one or more causal or qualitative relationships such as a relationship in economics or a scientific law and a story that makes use of the concepts or the relationship described in the provided paragraph. You need to come up with a question about the story that requires an understanding of the relationship described in the background paragraph. The generated question should not be answerable without both the background and story. Write a question about the story that requires a relationship in the background paragraph to answer. Check whether your question requires both the background paragraph and the story to answer. If your question can be answered by only one of these, try to rewrite your question so that it requires both. Note that ""flipping"" a word in the question can give rise to a new question where the answer will be different from the original question. Often, ""flipping"" a word gives rise to flipping the direction of the relationship, for example, from ""increase"" to ""decrease.""

Background Paragraph: Passive transport occurs when a substance passes through the cell membrane without needing any energy to pass through. This happens when a substance moves from an area where it is more concentrated to an area where it is less concentrated. Concentration is the number of particles of a substance in a given volume. Let's say you dissolve a teaspoon of salt in a cup of water. Then you dissolve two teaspoons of salt in another cup of water. The second solution will have a higher concentration of salt. 
Story: A man put two cups, cup A and cup B, filled with equal amounts of water on to a table and walked away to go check his mail. His son came along and saw the two cups and decided to put some sugar in them to make a tasty drink. The child poured two spoonfuls of sugar into cup A and three spoonfuls of sugar into cup B.",Which cup has a lower concentration of sugar?
62,task060_ropes_question_generation,"You are given a background paragraph that describes one or more causal or qualitative relationships such as a relationship in economics or a scientific law and a story that makes use of the concepts or the relationship described in the provided paragraph. You need to come up with a question about the story that requires an understanding of the relationship described in the background paragraph. The generated question should not be answerable without both the background and story. Write a question about the story that requires a relationship in the background paragraph to answer. Check whether your question requires both the background paragraph and the story to answer. If your question can be answered by only one of these, try to rewrite your question so that it requires both. Note that ""flipping"" a word in the question can give rise to a new question where the answer will be different from the original question. Often, ""flipping"" a word gives rise to flipping the direction of the relationship, for example, from ""increase"" to ""decrease.""

Background Paragraph: As a cell grows, its volume increases more quickly than its surface area. If a cell was to get very large, the small surface area would not allow enough nutrients to enter the cell quickly enough for the cell’s needs. This idea is explained in Figure below . However, large cells have a way of dealing with some size challenges. Big cells, such as some white blood cells, often grow more nuclei so that they can supply enough proteins and RNA for the cell’s requirements. Large, metabolically active cells often have lots of cell protrusions, resulting in many folds throughout the membrane. These folds increase the surface area available for transport of materials into or out of the cell. Such cell types are found lining your small intestine, where they absorb nutrients from your food through protrusions called microvilli . 
Story: There are two cells inside a Petri dish in a laboratory, cell X and cell Z. These cells are from the same organism, but are not the same age. Cell X was created two weeks ago, and cell Z was created one month ago. Therefore, cell Z has had two extra weeks of growth compared to cell X.",Which cell has a larger volume?
63,task060_ropes_question_generation,"You are given a background paragraph that describes one or more causal or qualitative relationships such as a relationship in economics or a scientific law and a story that makes use of the concepts or the relationship described in the provided paragraph. You need to come up with a question about the story that requires an understanding of the relationship described in the background paragraph. The generated question should not be answerable without both the background and story. Write a question about the story that requires a relationship in the background paragraph to answer. Check whether your question requires both the background paragraph and the story to answer. If your question can be answered by only one of these, try to rewrite your question so that it requires both. Note that ""flipping"" a word in the question can give rise to a new question where the answer will be different from the original question. Often, ""flipping"" a word gives rise to flipping the direction of the relationship, for example, from ""increase"" to ""decrease.""

Background Paragraph: As a cell grows, its volume increases more quickly than its surface area. If a cell was to get very large, the small surface area would not allow enough nutrients to enter the cell quickly enough for the cell’s needs. This idea is explained in Figure below . However, large cells have a way of dealing with some size challenges. Big cells, such as some white blood cells, often grow more nuclei so that they can supply enough proteins and RNA for the cell’s requirements. Large, metabolically active cells often have lots of cell protrusions, resulting in many folds throughout the membrane. These folds increase the surface area available for transport of materials into or out of the cell. Such cell types are found lining your small intestine, where they absorb nutrients from your food through protrusions called microvilli . 
Story: There are two cells inside a Petri dish in a laboratory, cell X and cell Z. These cells are from the same organism, but are not the same age. Cell X was created two weeks ago, and cell Z was created one month ago. Therefore, cell Z has had two extra weeks of growth compared to cell X.",Which cell has a smaller volume?
64,task061_ropes_answer_generation,"You are given a background paragraph that describes one or more causal or qualitative relationships such as a relationship in economics or a scientific law and a story that makes use of the concepts or the relationship described in the provided paragraph. You are also given a question about the story that requires an understanding of the relationship described in the background paragraph and the story. You need to come up with an answer to the given question; the answer will be a span from either the question or the story. In order to correctly answer the given question, you need to understand the relationship mentioned in the background paragraph and should be able to use it to understand that in the story. Your answer can not consist of any word that is not mentioned in any of these: the background paragraph, the story, or the question. You can directly copy and paste a span from the story or the question while answering the given question.

Background Paragraph: Passive transport occurs when a substance passes through the cell membrane without needing any energy to pass through. This happens when a substance moves from an area where it is more concentrated to an area where it is less concentrated. Concentration is the number of particles of a substance in a given volume. Let's say you dissolve a teaspoon of salt in a cup of water. Then you dissolve two teaspoons of salt in another cup of water. The second solution will have a higher concentration of salt. 
Story: A man put two cups, cup A and cup B, filled with equal amounts of water on to a table and walked away to go check his mail. His son came along and saw the two cups and decided to put some sugar in them to make a tasty drink. The child poured two spoonfuls of sugar into cup A and three spoonfuls of sugar into cup B. 
Question: Which cup has a higher concentration of sugar?",cup B.
65,task061_ropes_answer_generation,"You are given a background paragraph that describes one or more causal or qualitative relationships such as a relationship in economics or a scientific law and a story that makes use of the concepts or the relationship described in the provided paragraph. You are also given a question about the story that requires an understanding of the relationship described in the background paragraph and the story. You need to come up with an answer to the given question; the answer will be a span from either the question or the story. In order to correctly answer the given question, you need to understand the relationship mentioned in the background paragraph and should be able to use it to understand that in the story. Your answer can not consist of any word that is not mentioned in any of these: the background paragraph, the story, or the question. You can directly copy and paste a span from the story or the question while answering the given question.

Background Paragraph: Passive transport occurs when a substance passes through the cell membrane without needing any energy to pass through. This happens when a substance moves from an area where it is more concentrated to an area where it is less concentrated. Concentration is the number of particles of a substance in a given volume. Let's say you dissolve a teaspoon of salt in a cup of water. Then you dissolve two teaspoons of salt in another cup of water. The second solution will have a higher concentration of salt. 
Story: A man put two cups, cup A and cup B, filled with equal amounts of water on to a table and walked away to go check his mail. His son came along and saw the two cups and decided to put some sugar in them to make a tasty drink. The child poured two spoonfuls of sugar into cup A and three spoonfuls of sugar into cup B. 
Question: Which cup has a lower concentration of sugar?",cup A.
66,task061_ropes_answer_generation,"You are given a background paragraph that describes one or more causal or qualitative relationships such as a relationship in economics or a scientific law and a story that makes use of the concepts or the relationship described in the provided paragraph. You are also given a question about the story that requires an understanding of the relationship described in the background paragraph and the story. You need to come up with an answer to the given question; the answer will be a span from either the question or the story. In order to correctly answer the given question, you need to understand the relationship mentioned in the background paragraph and should be able to use it to understand that in the story. Your answer can not consist of any word that is not mentioned in any of these: the background paragraph, the story, or the question. You can directly copy and paste a span from the story or the question while answering the given question.

Background Paragraph: As a cell grows, its volume increases more quickly than its surface area. If a cell was to get very large, the small surface area would not allow enough nutrients to enter the cell quickly enough for the cell’s needs. This idea is explained in Figure below . However, large cells have a way of dealing with some size challenges. Big cells, such as some white blood cells, often grow more nuclei so that they can supply enough proteins and RNA for the cell’s requirements. Large, metabolically active cells often have lots of cell protrusions, resulting in many folds throughout the membrane. These folds increase the surface area available for transport of materials into or out of the cell. Such cell types are found lining your small intestine, where they absorb nutrients from your food through protrusions called microvilli . 
Story: There are two cells inside a Petri dish in a laboratory, cell X and cell Z. These cells are from the same organism, but are not the same age. Cell X was created two weeks ago, and cell Z was created one month ago. Therefore, cell Z has had two extra weeks of growth compared to cell X. 
Question: Which cell has a larger volume?",cell Z.
67,task061_ropes_answer_generation,"You are given a background paragraph that describes one or more causal or qualitative relationships such as a relationship in economics or a scientific law and a story that makes use of the concepts or the relationship described in the provided paragraph. You are also given a question about the story that requires an understanding of the relationship described in the background paragraph and the story. You need to come up with an answer to the given question; the answer will be a span from either the question or the story. In order to correctly answer the given question, you need to understand the relationship mentioned in the background paragraph and should be able to use it to understand that in the story. Your answer can not consist of any word that is not mentioned in any of these: the background paragraph, the story, or the question. You can directly copy and paste a span from the story or the question while answering the given question.

Background Paragraph: As a cell grows, its volume increases more quickly than its surface area. If a cell was to get very large, the small surface area would not allow enough nutrients to enter the cell quickly enough for the cell’s needs. This idea is explained in Figure below . However, large cells have a way of dealing with some size challenges. Big cells, such as some white blood cells, often grow more nuclei so that they can supply enough proteins and RNA for the cell’s requirements. Large, metabolically active cells often have lots of cell protrusions, resulting in many folds throughout the membrane. These folds increase the surface area available for transport of materials into or out of the cell. Such cell types are found lining your small intestine, where they absorb nutrients from your food through protrusions called microvilli . 
Story: There are two cells inside a Petri dish in a laboratory, cell X and cell Z. These cells are from the same organism, but are not the same age. Cell X was created two weeks ago, and cell Z was created one month ago. Therefore, cell Z has had two extra weeks of growth compared to cell X. 
Question: Which cell has a smaller volume?",Cell X.
68,task062_bigbench_repeat_copy_logic,"This task evaluates for the ability to follow basic natural language instructions nested and performing a sequence of operations, including basic logic and conditionals.

Repeat all the world seven times, and after every second time add is a stage.",all the world all the world is a stage all the world all the world is a stage all the world all the world is a stage all the world
69,task062_bigbench_repeat_copy_logic,"This task evaluates for the ability to follow basic natural language instructions nested and performing a sequence of operations, including basic logic and conditionals.

Say hungry three times, then hippo two times, then feed me four times",hungry hungry hungry hippo hippo feed me feed me feed me feed me
70,task062_bigbench_repeat_copy_logic,"This task evaluates for the ability to follow basic natural language instructions nested and performing a sequence of operations, including basic logic and conditionals.

say python twice and data once, and then repeat all of this three times.",python python data python python data python python data
71,task062_bigbench_repeat_copy_logic,"This task evaluates for the ability to follow basic natural language instructions nested and performing a sequence of operations, including basic logic and conditionals.

Print logic eleven times, but after the 3rd and 8th also say true",logic logic logic true logic logic logic logic logic true logic logic logic
72,task063_first_i_elements,"In this task, you are given inputs i and A, where i is an integer and A is a list. You need to output the first i elements of A, starting with the 1st element in A. i will always have a value less than the length of A

7, ['q', 'q', '6047', 'e', '4093', 'w', 'D', '2021', 'R', 'j', '1003', 'Y', 'L', 'Q', 'I', 'F', 'B', '8745', 'H', 'Z', 'O', 'g']","q, q, 6047, e, 4093, w, D"
73,task063_first_i_elements,"In this task, you are given inputs i and A, where i is an integer and A is a list. You need to output the first i elements of A, starting with the 1st element in A. i will always have a value less than the length of A

2, ['n', 'f', 'V', 'a', '4729', '1347']","n, f"
74,task063_first_i_elements,"In this task, you are given inputs i and A, where i is an integer and A is a list. You need to output the first i elements of A, starting with the 1st element in A. i will always have a value less than the length of A

7, ['6463', '5403', '1335', '3567', 'X', '129', '1263', 'F', 'u', '5551', 'a', '8569', 'C', '5993', '1397', 'C', 'm', 'i', 'M', 'f', '1691', 'O', 'S', '379', 'k', 'I', 'k']","6463, 5403, 1335, 3567, X, 129, 1263"
75,task063_first_i_elements,"In this task, you are given inputs i and A, where i is an integer and A is a list. You need to output the first i elements of A, starting with the 1st element in A. i will always have a value less than the length of A

2, ['3747', '4369', '3833', 't', '2961', 'l', '2445', 'J', '6737', 'y', '2991', '8065', '5733', '6981', '135', 'g']","3747, 4369"
76,task064_all_elements_except_first_i,"In this task, you are given inputs i and A, where i is an integer and A is a list. You need to list all the elements of A after the first i elements. i will always have a value less than the length of A.

1, ['645', '2373', '3279', 'l', '4599', '9991', '8073', '2363', '3949', 'p', 'r', 'I', 'M', '567']","2373, 3279, l, 4599, 9991, 8073, 2363, 3949, p, r, I, M, 567"
77,task064_all_elements_except_first_i,"In this task, you are given inputs i and A, where i is an integer and A is a list. You need to list all the elements of A after the first i elements. i will always have a value less than the length of A.

8, ['Y', '4801', '2595', 'U', '5471', '845', 'm', '8953', 'H', 'O', 't', '6713', '5583', '3427', 'n', '6941', 'u', '2861', 'o', '9565', '7343']","H, O, t, 6713, 5583, 3427, n, 6941, u, 2861, o, 9565, 7343"
78,task064_all_elements_except_first_i,"In this task, you are given inputs i and A, where i is an integer and A is a list. You need to list all the elements of A after the first i elements. i will always have a value less than the length of A.

6, ['L', 'd', '5679', 'q', '7855', '7257', '6359', 'x', 'u', 'w', '813', '2055', 'r', '3083']","6359, x, u, w, 813, 2055, r, 3083"
79,task064_all_elements_except_first_i,"In this task, you are given inputs i and A, where i is an integer and A is a list. You need to list all the elements of A after the first i elements. i will always have a value less than the length of A.

1, ['829', 't', 'G']","t, G"
80,task065_timetravel_consistent_sentence_classification,"In this task, you are given a short story consisting of exactly 5 sentences where the second sentence is missing. You are given two options and you need to select the one that best connects the first sentence with the rest of the story. Indicate your answer by 'Option 1' if the first option is correct, otherwise 'Option 2'. The incorrect option will change the subsequent storyline, so that at least one of the three subsequent sentences is no longer consistent with the story.

Sentence 1: Ian had spent all of last day working on a project. 
 Sentence 3: The process took all day 
 Sentence 4:  But he got it done before night fell 
 Sentence 5:  Now his energy bill has dropped significantly 
 Option 1: He was trying to install his own solar panels. 
 Option 2: He was trying to paint the living room.",Option 1
81,task065_timetravel_consistent_sentence_classification,"In this task, you are given a short story consisting of exactly 5 sentences where the second sentence is missing. You are given two options and you need to select the one that best connects the first sentence with the rest of the story. Indicate your answer by 'Option 1' if the first option is correct, otherwise 'Option 2'. The incorrect option will change the subsequent storyline, so that at least one of the three subsequent sentences is no longer consistent with the story.

Sentence 1: Fred was starving when his dad handed him a sandwich. 
 Sentence 3: Just as he was about to take a bite it disappeared 
 Sentence 4:  A seagull had grabbed it right out of his hand 
 Sentence 5:  His dad shared his sandwich with him 
 Option 1: He had been playing on the beach all morning. 
 Option 2: He had been sleeping on the beach all morning.",Option 1
82,task065_timetravel_consistent_sentence_classification,"In this task, you are given a short story consisting of exactly 5 sentences where the second sentence is missing. You are given two options and you need to select the one that best connects the first sentence with the rest of the story. Indicate your answer by 'Option 1' if the first option is correct, otherwise 'Option 2'. The incorrect option will change the subsequent storyline, so that at least one of the three subsequent sentences is no longer consistent with the story.

Sentence 1: Gina had thrown a book at a boy in her class. 
 Sentence 3: The teacher asked her why she threw the book 
 Sentence 4:  Her explanation was not good enough 
 Sentence 5:  Gina was sent to see the principal 
 Option 1: He had been bothering her for hours. 
 Option 2: The boy didn't do anything to deserve the book being thrown at him.",Option 1
83,task065_timetravel_consistent_sentence_classification,"In this task, you are given a short story consisting of exactly 5 sentences where the second sentence is missing. You are given two options and you need to select the one that best connects the first sentence with the rest of the story. Indicate your answer by 'Option 1' if the first option is correct, otherwise 'Option 2'. The incorrect option will change the subsequent storyline, so that at least one of the three subsequent sentences is no longer consistent with the story.

Sentence 1: Grace stored all her Christmas decorations in the attic. 
 Sentence 3: Grace was on a ladder carrying the box of decorations down 
 Sentence 4:  Grace dropped the box and broke most to the decorations 
 Sentence 5:  Grace had to buy new decorations 
 Option 1: She went to get the decorations from the attic. 
 Option 2: She was too scared to go into the attic to get them.",Option 1
84,task066_timetravel_binary_consistency_classification,"In this task, you are given a short story consisting of exactly 5 sentences where the second sentence is missing. You are given a candidate for the second sentence and you need to identify if the given sentence connects the first sentence with the rest of the story. Indicate your answer by ""Yes"" if it connects, otherwise ""No"". Do not generate anything else apart from ""Yes"" or ""No"". The given sentence is incorrect if it changes the subsequent storyline, so that at least one of the three subsequent sentences form a consistent story.

Sentence 1: Jake felt sick. 
 Sentence 3: Jake decided he would sleep it off 
 Sentence 4:  He felt much better afterwards 
 Sentence 5:  Jake sighed in relief 
 Given Sentence 2: He was booked at the police station.",No
85,task066_timetravel_binary_consistency_classification,"In this task, you are given a short story consisting of exactly 5 sentences where the second sentence is missing. You are given a candidate for the second sentence and you need to identify if the given sentence connects the first sentence with the rest of the story. Indicate your answer by ""Yes"" if it connects, otherwise ""No"". Do not generate anything else apart from ""Yes"" or ""No"". The given sentence is incorrect if it changes the subsequent storyline, so that at least one of the three subsequent sentences form a consistent story.

Sentence 1: Gina had to secretly put her mom's house key back in her purse. 
 Sentence 3: Gina sat on the loveseat watching TV with her mom 
 Sentence 4:  When her mom went to the bathroom Gina sprung into action 
 Sentence 5:  She put the key back on the chain, and ran downstairs to her room 
 Given Sentence 2: She decided to join the school's drama team to see if that would help.",No
86,task066_timetravel_binary_consistency_classification,"In this task, you are given a short story consisting of exactly 5 sentences where the second sentence is missing. You are given a candidate for the second sentence and you need to identify if the given sentence connects the first sentence with the rest of the story. Indicate your answer by ""Yes"" if it connects, otherwise ""No"". Do not generate anything else apart from ""Yes"" or ""No"". The given sentence is incorrect if it changes the subsequent storyline, so that at least one of the three subsequent sentences form a consistent story.

Sentence 1: Rory was working at his job in a supermarket. 
 Sentence 3: Rory wasn't able to return to his house 
 Sentence 4:  Rory and his co-workers spent the night in the safety of the store 
 Sentence 5:  He was able to get to his home the next day 
 Given Sentence 2: It was raining outside and the roads began to flood.",Yes
87,task066_timetravel_binary_consistency_classification,"In this task, you are given a short story consisting of exactly 5 sentences where the second sentence is missing. You are given a candidate for the second sentence and you need to identify if the given sentence connects the first sentence with the rest of the story. Indicate your answer by ""Yes"" if it connects, otherwise ""No"". Do not generate anything else apart from ""Yes"" or ""No"". The given sentence is incorrect if it changes the subsequent storyline, so that at least one of the three subsequent sentences form a consistent story.

Sentence 1: Maya liked writing for the school newspaper. 
 Sentence 3: Maya wanted to be a reporter one day 
 Sentence 4:  She was invited to intern at a local news station 
 Sentence 5:  Maya became a well known news reporter 
 Given Sentence 2: We drove around all night.",No
88,task067_abductivenli_answer_generation,"In this task, you're given the beginning and the ending of a three-part story. Your job is to complete the short story by writing a middle sentence that seamlessly connects  the first and last sentence. Generated sentences must be short, have fewer than 10 words, and be simple as if narrating to a child. Avoid using any irrelevant extra information when creating the middle sentence, and use names (e.g. Jack, Barbara,...) instead of pronouns (e.g. he / she) wherever possible.

Beginning: Carlos has always wanted to visit France. Ending: Carlos books a flight to Australia.","After Carlos saw Europe, he wanted to see the rest of the world."
89,task067_abductivenli_answer_generation,"In this task, you're given the beginning and the ending of a three-part story. Your job is to complete the short story by writing a middle sentence that seamlessly connects  the first and last sentence. Generated sentences must be short, have fewer than 10 words, and be simple as if narrating to a child. Avoid using any irrelevant extra information when creating the middle sentence, and use names (e.g. Jack, Barbara,...) instead of pronouns (e.g. he / she) wherever possible.

Beginning: Carlos has always wanted to visit France. Ending: Carlos books a flight to Australia.",Carlos couldn't speak French.
90,task067_abductivenli_answer_generation,"In this task, you're given the beginning and the ending of a three-part story. Your job is to complete the short story by writing a middle sentence that seamlessly connects  the first and last sentence. Generated sentences must be short, have fewer than 10 words, and be simple as if narrating to a child. Avoid using any irrelevant extra information when creating the middle sentence, and use names (e.g. Jack, Barbara,...) instead of pronouns (e.g. he / she) wherever possible.

Beginning: Carlos has always wanted to visit France. Ending: Carlos books a flight to Australia.",The tickets to france were expensive so he chose a different destination.
91,task067_abductivenli_answer_generation,"In this task, you're given the beginning and the ending of a three-part story. Your job is to complete the short story by writing a middle sentence that seamlessly connects  the first and last sentence. Generated sentences must be short, have fewer than 10 words, and be simple as if narrating to a child. Avoid using any irrelevant extra information when creating the middle sentence, and use names (e.g. Jack, Barbara,...) instead of pronouns (e.g. he / she) wherever possible.

Beginning: Hank walked into his favorite sushi restaurant. Ending: Hank was disappointed after leaving the restaurant.",An octopus had taken over the kitchen.
92,task068_abductivenli_incorrect_answer_generation,"In this task, you're shown a three-part story, with a beginning, middle, and ending. Your job is to slightly modify the middle part, so that the whole story becomes unlikely, improbable, or inconsistent. Generated sentences must minimally alter the given middle, with at most 4 new words added/existing words removed. Your sentence should be grammatically and syntactically correct. Also stick to the context of the given story. For example, if the story talks about ""doctors"", you can talk about ""health"" or ""diagnosis"", but don't mention ""aliens"". Avoid introducing any extra/irrelevant information, and use names instead of pronouns (e.g. he / she) wherever possible. Avoid simply negating the original middle, for example:  ""She likes cakes."" is changed to ""She doesn't like cakes.""

Beginning: Tommy stole some candy one day. Middle: Tommy felt guilty and wanted to do something about it. Ending: So Tommy decided to tell his dad and never stole again.",Tommy felt great and wanted to do something about it.
93,task068_abductivenli_incorrect_answer_generation,"In this task, you're shown a three-part story, with a beginning, middle, and ending. Your job is to slightly modify the middle part, so that the whole story becomes unlikely, improbable, or inconsistent. Generated sentences must minimally alter the given middle, with at most 4 new words added/existing words removed. Your sentence should be grammatically and syntactically correct. Also stick to the context of the given story. For example, if the story talks about ""doctors"", you can talk about ""health"" or ""diagnosis"", but don't mention ""aliens"". Avoid introducing any extra/irrelevant information, and use names instead of pronouns (e.g. he / she) wherever possible. Avoid simply negating the original middle, for example:  ""She likes cakes."" is changed to ""She doesn't like cakes.""

Beginning: Tommy stole some candy one day. Middle: Tommy felt guilty and wanted to do something about it. Ending: So Tommy decided to tell his dad and never stole again.",Tommy felt guilty and wanted to do something about it but didn't.
94,task068_abductivenli_incorrect_answer_generation,"In this task, you're shown a three-part story, with a beginning, middle, and ending. Your job is to slightly modify the middle part, so that the whole story becomes unlikely, improbable, or inconsistent. Generated sentences must minimally alter the given middle, with at most 4 new words added/existing words removed. Your sentence should be grammatically and syntactically correct. Also stick to the context of the given story. For example, if the story talks about ""doctors"", you can talk about ""health"" or ""diagnosis"", but don't mention ""aliens"". Avoid introducing any extra/irrelevant information, and use names instead of pronouns (e.g. he / she) wherever possible. Avoid simply negating the original middle, for example:  ""She likes cakes."" is changed to ""She doesn't like cakes.""

Beginning: Lizbeth moved into her very first apartment. Middle: Lizbeth however had to replace the showerhead. Ending: The showerhead looked like it was brand new the next morning.",Lizbeth didnt have to replace the showerhead.
95,task068_abductivenli_incorrect_answer_generation,"In this task, you're shown a three-part story, with a beginning, middle, and ending. Your job is to slightly modify the middle part, so that the whole story becomes unlikely, improbable, or inconsistent. Generated sentences must minimally alter the given middle, with at most 4 new words added/existing words removed. Your sentence should be grammatically and syntactically correct. Also stick to the context of the given story. For example, if the story talks about ""doctors"", you can talk about ""health"" or ""diagnosis"", but don't mention ""aliens"". Avoid introducing any extra/irrelevant information, and use names instead of pronouns (e.g. he / she) wherever possible. Avoid simply negating the original middle, for example:  ""She likes cakes."" is changed to ""She doesn't like cakes.""

Beginning: Lizbeth moved into her very first apartment. Middle: Lizbeth however had to replace the showerhead. Ending: The showerhead looked like it was brand new the next morning.",Lizbeth however didn't have to make any updates to her apartment.
96,task069_abductivenli_classification,"In this task, you will be shown a short story with a beginning, two potential middles, and an ending. Your job is to choose the middle statement that makes the story coherent / plausible by writing ""1"" or ""2"" in the output. If both sentences are plausible, pick the one that makes most sense.

Beginning: Adolph was a great little student with a penchant for art. Middle 1: Adolph wanted to go to the army instead. Middle 2: Adolph wanted to leave the army instead. Ending: So instead he lead the Nazis into World War II.",1
97,task069_abductivenli_classification,"In this task, you will be shown a short story with a beginning, two potential middles, and an ending. Your job is to choose the middle statement that makes the story coherent / plausible by writing ""1"" or ""2"" in the output. If both sentences are plausible, pick the one that makes most sense.

Beginning: Erica adopted a Labrador puppy named Jerry. Middle 1: erica let the dog run around. Middle 2: Erica kept the dog in a cage in the apartment. Ending: Jerry loved playing in his new, safe yard.",1
98,task069_abductivenli_classification,"In this task, you will be shown a short story with a beginning, two potential middles, and an ending. Your job is to choose the middle statement that makes the story coherent / plausible by writing ""1"" or ""2"" in the output. If both sentences are plausible, pick the one that makes most sense.

Beginning: Kim had a favorite pair of pink argyle socks. Middle 1: Kim looked all over for the vest. Middle 2: Kim looked all over for one of the socks. Ending: Kim depressed when she realized it was really lost.",2
99,task069_abductivenli_classification,"In this task, you will be shown a short story with a beginning, two potential middles, and an ending. Your job is to choose the middle statement that makes the story coherent / plausible by writing ""1"" or ""2"" in the output. If both sentences are plausible, pick the one that makes most sense.

Beginning: Gina's room had only a bed, and a dresser. Middle 1: Gina asked her dad if he could get her a vanity and a desk. Middle 2: Gina's brother asked his dad if he could get him a vanity and a desk. Ending: Her dad gave her both of them.",1
100,task070_abductivenli_incorrect_classification,"In this task, you will be shown a short story with a beginning, two potential middles, and an ending. Your job is to choose the middle statement that makes the story incoherent / implausible by indicating 1 or 2 in the output. If both sentences are plausible, pick the one that makes less sense.

Beginning: As I walked to school, I could feel that something was wrong. Middle 1: When I got to school, I realized I had forgotten about a big test. Middle 2: When I got to school, I was prepared for the big test. Ending: My heart sunk, because I had no hope of passing.",2
101,task070_abductivenli_incorrect_classification,"In this task, you will be shown a short story with a beginning, two potential middles, and an ending. Your job is to choose the middle statement that makes the story incoherent / implausible by indicating 1 or 2 in the output. If both sentences are plausible, pick the one that makes less sense.

Beginning: When I was a kid I had a lot of free time. Middle 1: Now that I am older I watch a lot of tv. Middle 2: Now that I am older I dont know how to watch tv. Ending: However I plan to start reading more.",2
102,task070_abductivenli_incorrect_classification,"In this task, you will be shown a short story with a beginning, two potential middles, and an ending. Your job is to choose the middle statement that makes the story incoherent / implausible by indicating 1 or 2 in the output. If both sentences are plausible, pick the one that makes less sense.

Beginning: Yaris was a psychopath. Middle 1: Yaris got mad and set the house on fire. Middle 2: Yaris got happy and set the house on fire with lights. Ending: He died in the fire.",2
103,task070_abductivenli_incorrect_classification,"In this task, you will be shown a short story with a beginning, two potential middles, and an ending. Your job is to choose the middle statement that makes the story incoherent / implausible by indicating 1 or 2 in the output. If both sentences are plausible, pick the one that makes less sense.

Beginning: Valerie decided she wanted to learn German. Middle 1: Valerie couldn't speak the language. Middle 2: Valerie picked up the language very quickly. Ending: Valerie wanted to visit Germany.",1
104,task071_abductivenli_answer_generation,"In this task, you're given the beginning and the middle of a three-part story. Your job is to complete the short story by writing a probable ending. Generated sentences must be short, have fewer than 10 words, and be simple as if narrating to a child. Avoid using any irrelevant extra information when creating the ending, and use names instead of pronouns (e.g. he / she) wherever possible.

Beginning: Leslie was the boss at a branch of a large retail company. Middle: She realized one of her workers were lazy.",Leslie just fired the employee with the lowest sales performance.
105,task071_abductivenli_answer_generation,"In this task, you're given the beginning and the middle of a three-part story. Your job is to complete the short story by writing a probable ending. Generated sentences must be short, have fewer than 10 words, and be simple as if narrating to a child. Avoid using any irrelevant extra information when creating the ending, and use names instead of pronouns (e.g. he / she) wherever possible.

Beginning: I took my dog for a walk. Middle: A stray dog ran at us!.",He ran after the dog and started dragging me instead!
106,task071_abductivenli_answer_generation,"In this task, you're given the beginning and the middle of a three-part story. Your job is to complete the short story by writing a probable ending. Generated sentences must be short, have fewer than 10 words, and be simple as if narrating to a child. Avoid using any irrelevant extra information when creating the ending, and use names instead of pronouns (e.g. he / she) wherever possible.

Beginning: Becky and Hallie were home alone without any other kids. Middle: Becky and Hallie realized they could stay up late.",They played Barbies all night long.
107,task071_abductivenli_answer_generation,"In this task, you're given the beginning and the middle of a three-part story. Your job is to complete the short story by writing a probable ending. Generated sentences must be short, have fewer than 10 words, and be simple as if narrating to a child. Avoid using any irrelevant extra information when creating the ending, and use names instead of pronouns (e.g. he / she) wherever possible.

Beginning: Nancy adopted a dog from the local shelter. Middle: The dog was nervous at first.","By Sunday night, he was much more relaxed when she left the house."
108,task072_abductivenli_answer_generation,"In this task, you're given the middle and ending of a three-part story. Your job is to complete the short story by writing a probable beginning of the story. Generated sentences must be short, have fewer than 10 words, and be simple as if narrating to a child. Avoid using any irrelevant extra information when creating the beginning, and use names (e.g. Jack, Barbara,...) instead of pronouns (e.g. he / she) wherever possible.

Middle: Samantha was sitting alone at lunchtime. Ending: Some nice girls came up and sat with her.",Samantha was in middle school
109,task072_abductivenli_answer_generation,"In this task, you're given the middle and ending of a three-part story. Your job is to complete the short story by writing a probable beginning of the story. Generated sentences must be short, have fewer than 10 words, and be simple as if narrating to a child. Avoid using any irrelevant extra information when creating the beginning, and use names (e.g. Jack, Barbara,...) instead of pronouns (e.g. he / she) wherever possible.

Middle: Janet met a cute cat. Ending: Janet smiled placing the kitten in her car.",Janet was not a cat person until one night.
110,task072_abductivenli_answer_generation,"In this task, you're given the middle and ending of a three-part story. Your job is to complete the short story by writing a probable beginning of the story. Generated sentences must be short, have fewer than 10 words, and be simple as if narrating to a child. Avoid using any irrelevant extra information when creating the beginning, and use names (e.g. Jack, Barbara,...) instead of pronouns (e.g. he / she) wherever possible.

Middle: Sadie was just standing there. Ending: Suddenly, her dad came up behind her and dumped water on her head.",Sadie was in the park.
111,task072_abductivenli_answer_generation,"In this task, you're given the middle and ending of a three-part story. Your job is to complete the short story by writing a probable beginning of the story. Generated sentences must be short, have fewer than 10 words, and be simple as if narrating to a child. Avoid using any irrelevant extra information when creating the beginning, and use names (e.g. Jack, Barbara,...) instead of pronouns (e.g. he / she) wherever possible.

Middle: amy was no push over in life however. Ending: Amy knew she had impressed her big sis as Stella left smiling.",Amy's sister Stella Heard her parents yelling at Amy.
112,task073_commonsenseqa_answer_generation,"You are given a question and some answer options (associated with ""A"", ""B"", ""C"", ""D""). You should choose the correct answer based on commonsense knowledge. Avoid answering questions based on associations, the set of answers are chosen deliberately to capture common sense beyond associations. Do not generate anything else apart from one of the following characters: 'A', 'B, 'C', 'D', 'E' and only give one answer for each question.

A revolving door is convenient for two direction travel, but it also serves as a security measure at a what?
(A)bank (B)library (C)department store (D)mall (E)new york",A
113,task073_commonsenseqa_answer_generation,"You are given a question and some answer options (associated with ""A"", ""B"", ""C"", ""D""). You should choose the correct answer based on commonsense knowledge. Avoid answering questions based on associations, the set of answers are chosen deliberately to capture common sense beyond associations. Do not generate anything else apart from one of the following characters: 'A', 'B, 'C', 'D', 'E' and only give one answer for each question.

What do people aim to do at work?
(A)complete job (B)learn from each other (C)kill animals (D)wear hats (E)talk to each other",A
114,task073_commonsenseqa_answer_generation,"You are given a question and some answer options (associated with ""A"", ""B"", ""C"", ""D""). You should choose the correct answer based on commonsense knowledge. Avoid answering questions based on associations, the set of answers are chosen deliberately to capture common sense beyond associations. Do not generate anything else apart from one of the following characters: 'A', 'B, 'C', 'D', 'E' and only give one answer for each question.

Where are  you likely to find a hamburger?
(A)fast food restaurant (B)pizza (C)ground up dead cows (D)mouth (E)cow carcus",A
115,task073_commonsenseqa_answer_generation,"You are given a question and some answer options (associated with ""A"", ""B"", ""C"", ""D""). You should choose the correct answer based on commonsense knowledge. Avoid answering questions based on associations, the set of answers are chosen deliberately to capture common sense beyond associations. Do not generate anything else apart from one of the following characters: 'A', 'B, 'C', 'D', 'E' and only give one answer for each question.

James was looking for a good place to buy farmland.  Where might he look?
(A)midwest (B)countryside (C)estate (D)farming areas (E)illinois",A
116,task074_squad1.1_question_generation,"This task is about reading the given passage and construct a question about the information present in the passage. Construct a question in such a way that (i) it is unambiguous, (ii) it is answerable from the passage, (iii) its answer is unique (iv) its answer is a continuous text span from the paragraph. Avoid creating questions that (i) can be answered correctly without actually understanding the paragraph and (ii) uses same words or phrases given in the passage.

With the new millennium, Marvel Comics emerged from bankruptcy and again began diversifying its offerings. In 2001, Marvel withdrew from the Comics Code Authority and established its own Marvel Rating System for comics. The first title from this era to not have the code was X-Force #119 (October 2001). Marvel also created new imprints, such as MAX (an explicit-content line) and Marvel Adventures (developed for child audiences). In addition, the company created an alternate universe imprint, Ultimate Marvel, that allowed the company to reboot its major titles by revising and updating its characters to introduce to a new generation.",What was the business state of Marvel by 2000?
117,task074_squad1.1_question_generation,"This task is about reading the given passage and construct a question about the information present in the passage. Construct a question in such a way that (i) it is unambiguous, (ii) it is answerable from the passage, (iii) its answer is unique (iv) its answer is a continuous text span from the paragraph. Avoid creating questions that (i) can be answered correctly without actually understanding the paragraph and (ii) uses same words or phrases given in the passage.

With the new millennium, Marvel Comics emerged from bankruptcy and again began diversifying its offerings. In 2001, Marvel withdrew from the Comics Code Authority and established its own Marvel Rating System for comics. The first title from this era to not have the code was X-Force #119 (October 2001). Marvel also created new imprints, such as MAX (an explicit-content line) and Marvel Adventures (developed for child audiences). In addition, the company created an alternate universe imprint, Ultimate Marvel, that allowed the company to reboot its major titles by revising and updating its characters to introduce to a new generation.",When did Marvel withdraw from the Comics Code Authority?
118,task074_squad1.1_question_generation,"This task is about reading the given passage and construct a question about the information present in the passage. Construct a question in such a way that (i) it is unambiguous, (ii) it is answerable from the passage, (iii) its answer is unique (iv) its answer is a continuous text span from the paragraph. Avoid creating questions that (i) can be answered correctly without actually understanding the paragraph and (ii) uses same words or phrases given in the passage.

With the new millennium, Marvel Comics emerged from bankruptcy and again began diversifying its offerings. In 2001, Marvel withdrew from the Comics Code Authority and established its own Marvel Rating System for comics. The first title from this era to not have the code was X-Force #119 (October 2001). Marvel also created new imprints, such as MAX (an explicit-content line) and Marvel Adventures (developed for child audiences). In addition, the company created an alternate universe imprint, Ultimate Marvel, that allowed the company to reboot its major titles by revising and updating its characters to introduce to a new generation.",What in-house standards system did Marvel replace the Comics Code with?
119,task074_squad1.1_question_generation,"This task is about reading the given passage and construct a question about the information present in the passage. Construct a question in such a way that (i) it is unambiguous, (ii) it is answerable from the passage, (iii) its answer is unique (iv) its answer is a continuous text span from the paragraph. Avoid creating questions that (i) can be answered correctly without actually understanding the paragraph and (ii) uses same words or phrases given in the passage.

With the new millennium, Marvel Comics emerged from bankruptcy and again began diversifying its offerings. In 2001, Marvel withdrew from the Comics Code Authority and established its own Marvel Rating System for comics. The first title from this era to not have the code was X-Force #119 (October 2001). Marvel also created new imprints, such as MAX (an explicit-content line) and Marvel Adventures (developed for child audiences). In addition, the company created an alternate universe imprint, Ultimate Marvel, that allowed the company to reboot its major titles by revising and updating its characters to introduce to a new generation.",What was the first book published under this new ratings system?
120,task075_squad1.1_answer_generation,"This task is about writing a correct answer for the reading comprehension task. Based on the information provided in a given passage, you should identify the shortest continuous text span from the passage that serves as an answer to the given question. Avoid answers that are incorrect or provides incomplete justification for the question.

Passage: While the Armenian Apostolic Church remains the most prominent church in the Armenian community throughout the world, Armenians (especially in the diaspora) subscribe to any number of other Christian denominations. These include the Armenian Catholic Church (which follows its own liturgy but recognizes the Roman Catholic Pope), the Armenian Evangelical Church, which started as a reformation in the Mother church but later broke away, and the Armenian Brotherhood Church, which was born in the Armenian Evangelical Church, but later broke apart from it. There are other numerous Armenian churches belonging to Protestant denominations of all kinds. Question: Which Armenian church is the most popular in Armenia?",Armenian Apostolic Church
121,task075_squad1.1_answer_generation,"This task is about writing a correct answer for the reading comprehension task. Based on the information provided in a given passage, you should identify the shortest continuous text span from the passage that serves as an answer to the given question. Avoid answers that are incorrect or provides incomplete justification for the question.

Passage: Recall that a current will reflect when there are changes in the electrical properties of the material. In order to efficiently send the signal into the transmission line, it is important that the transmission line has the same impedance as the elements, otherwise some of the signal will be reflected back into the antenna. This leads to the concept of impedance matching, the design of the overall system of antenna and transmission line so the impedance is as close as possible, thereby reducing these losses. Impedance matching between antennas and transmission lines is commonly handled through the use of a balun, although other solutions are also used in certain roles. An important measure of this basic concept is the standing wave ratio, which measures the magnitude of the reflected signal. Question:  What must match between the transmission line and elements?",impedance
122,task075_squad1.1_answer_generation,"This task is about writing a correct answer for the reading comprehension task. Based on the information provided in a given passage, you should identify the shortest continuous text span from the passage that serves as an answer to the given question. Avoid answers that are incorrect or provides incomplete justification for the question.

Passage: In August, the couple attended the 2011 MTV Video Music Awards, at which Beyoncé performed ""Love on Top"" and started the performance saying ""Tonight I want you to stand up on your feet, I want you to feel the love that's growing inside of me"". At the end of the performance, she dropped her microphone, unbuttoned her blazer and rubbed her stomach, confirming her pregnancy she had alluded to earlier in the evening. Her appearance helped that year's MTV Video Music Awards become the most-watched broadcast in MTV history, pulling in 12.4 million viewers; the announcement was listed in Guinness World Records for ""most tweets per second recorded for a single event"" on Twitter, receiving 8,868 tweets per second and ""Beyonce pregnant"" was the most Googled term the week of August 29, 2011. Question: How many people watched the 2011 MTV Music Awards?",12.4 million
123,task075_squad1.1_answer_generation,"This task is about writing a correct answer for the reading comprehension task. Based on the information provided in a given passage, you should identify the shortest continuous text span from the passage that serves as an answer to the given question. Avoid answers that are incorrect or provides incomplete justification for the question.

Passage: John wanted John de Gray, the Bishop of Norwich and one of his own supporters, to be appointed Archbishop of Canterbury after the death of Walter, but the cathedral chapter for Canterbury Cathedral claimed the exclusive right to elect Walter's successor. They favoured Reginald, the chapter's sub-prior. To complicate matters, the bishops of the province of Canterbury also claimed the right to appoint the next archbishop. The chapter secretly elected Reginald and he travelled to Rome to be confirmed; the bishops challenged the appointment and the matter was taken before Innocent. John forced the Canterbury chapter to change their support to John de Gray, and a messenger was sent to Rome to inform the papacy of the new decision. Innocent disavowed both Reginald and John de Gray, and instead appointed his own candidate, Stephen Langton. John refused Innocent's request that he consent to Langton's appointment, but the pope consecrated Langton anyway in June 1207. Question: Who did Innocent disavow?",Reginald and John de Gray
124,task076_splash_correcting_sql_mistake,"In this task you are expected to fix an SQL query based on feedback. You will be given an SQL statement and an English description with what is wrong about that SQL statement. You must correct the SQL statement based off of the feedback. An SQL query works by selecting data from a table where certain conditions apply. A table contains columns where every row in that table must have a value for each column. Every table has a primary key that uniquely identifies each row, usually an id. To choose which columns are returned you specify that after the ""SELECT"" statement. Next, you use a ""FROM"" statement to specify what tables you want to select the data from. When you specify a table you can rename it with the ""AS"" statement. You can reference that table by whatever name follows the ""AS"" statement. If you want to select data from multiple tables you need to use the ""JOIN"" statement. This will join the tables together by pairing a row in one table with every row in the other table (Cartesian Product). To limit the number of rows returned you should use the ""ON"" statement. This will only return rows where the condition specified after the statement is true, this is usually an equals operator with primary keys. You can also use the ""WHERE"" statement to specify that only rows with column values statisfying a certain condition, should be returned. The ""GROUP BY"" statement will group rows together that have equal column values for whatever columns follows the statement. The ""HAVING"" statement will return groups that statisfy whatever condition follows the statement. Any column(s) being returned from grouped rows must either be an aggregate function, (AVG, MAX, COUNT, SUM, ...) of a column, or the column(s) that the data was grouped by. To sort the returned data you can use the ""ORDER BY"" command which will order the data by whatever aggregate function or column follows the statement. The ""DESC"" statement will sort in descending order and the ""ASC"" statement will sort in ascending order. Finally, you can use the ""LIMIT"" statement to return a certain number of rows. When ""*"" is used in an SQL statement every column is returned. For example, SELECT * FROM table WHERE attribute = 1, will select every column from rows with the attribute column equal to 1.

SQL: SELECT product_id FROM Product_Suppliers GROUP BY product_id HAVING Count ( * ) > 3 UNION SELECT product_id FROM Product_Suppliers WHERE total_value_purchased < 80000
Feedback: In step 1 swap product suppliers with order items , in step 3 total amount purchased should be greater than 80000.",SELECT product_id FROM Order_Items GROUP BY product_id HAVING count(*)  >  3 UNION SELECT product_id FROM Product_Suppliers GROUP BY product_id HAVING sum(total_amount_purchased)  >  80000
125,task076_splash_correcting_sql_mistake,"In this task you are expected to fix an SQL query based on feedback. You will be given an SQL statement and an English description with what is wrong about that SQL statement. You must correct the SQL statement based off of the feedback. An SQL query works by selecting data from a table where certain conditions apply. A table contains columns where every row in that table must have a value for each column. Every table has a primary key that uniquely identifies each row, usually an id. To choose which columns are returned you specify that after the ""SELECT"" statement. Next, you use a ""FROM"" statement to specify what tables you want to select the data from. When you specify a table you can rename it with the ""AS"" statement. You can reference that table by whatever name follows the ""AS"" statement. If you want to select data from multiple tables you need to use the ""JOIN"" statement. This will join the tables together by pairing a row in one table with every row in the other table (Cartesian Product). To limit the number of rows returned you should use the ""ON"" statement. This will only return rows where the condition specified after the statement is true, this is usually an equals operator with primary keys. You can also use the ""WHERE"" statement to specify that only rows with column values statisfying a certain condition, should be returned. The ""GROUP BY"" statement will group rows together that have equal column values for whatever columns follows the statement. The ""HAVING"" statement will return groups that statisfy whatever condition follows the statement. Any column(s) being returned from grouped rows must either be an aggregate function, (AVG, MAX, COUNT, SUM, ...) of a column, or the column(s) that the data was grouped by. To sort the returned data you can use the ""ORDER BY"" command which will order the data by whatever aggregate function or column follows the statement. The ""DESC"" statement will sort in descending order and the ""ASC"" statement will sort in ascending order. Finally, you can use the ""LIMIT"" statement to return a certain number of rows. When ""*"" is used in an SQL statement every column is returned. For example, SELECT * FROM table WHERE attribute = 1, will select every column from rows with the attribute column equal to 1.

SQL: SELECT cName FROM College WHERE enr > 13000 INTERSECT SELECT cName FROM College WHERE enr < 15000
Feedback: Step 1 greater than 15000 with state equals LA , step 2 less than 13000 with state equals AZ .","SELECT cName FROM College WHERE enr  <  13000 AND state = ""AZ"" UNION SELECT cName FROM College WHERE enr  >  15000 AND state = ""LA"""
126,task076_splash_correcting_sql_mistake,"In this task you are expected to fix an SQL query based on feedback. You will be given an SQL statement and an English description with what is wrong about that SQL statement. You must correct the SQL statement based off of the feedback. An SQL query works by selecting data from a table where certain conditions apply. A table contains columns where every row in that table must have a value for each column. Every table has a primary key that uniquely identifies each row, usually an id. To choose which columns are returned you specify that after the ""SELECT"" statement. Next, you use a ""FROM"" statement to specify what tables you want to select the data from. When you specify a table you can rename it with the ""AS"" statement. You can reference that table by whatever name follows the ""AS"" statement. If you want to select data from multiple tables you need to use the ""JOIN"" statement. This will join the tables together by pairing a row in one table with every row in the other table (Cartesian Product). To limit the number of rows returned you should use the ""ON"" statement. This will only return rows where the condition specified after the statement is true, this is usually an equals operator with primary keys. You can also use the ""WHERE"" statement to specify that only rows with column values statisfying a certain condition, should be returned. The ""GROUP BY"" statement will group rows together that have equal column values for whatever columns follows the statement. The ""HAVING"" statement will return groups that statisfy whatever condition follows the statement. Any column(s) being returned from grouped rows must either be an aggregate function, (AVG, MAX, COUNT, SUM, ...) of a column, or the column(s) that the data was grouped by. To sort the returned data you can use the ""ORDER BY"" command which will order the data by whatever aggregate function or column follows the statement. The ""DESC"" statement will sort in descending order and the ""ASC"" statement will sort in ascending order. Finally, you can use the ""LIMIT"" statement to return a certain number of rows. When ""*"" is used in an SQL statement every column is returned. For example, SELECT * FROM table WHERE attribute = 1, will select every column from rows with the attribute column equal to 1.

SQL: SELECT title FROM film WHERE title LIKE ""Deleted Scenes""
Feedback: It should be special features contains Deleted Scenes"" instead of ""title contains Deleted Scenes"".",SELECT title FROM film WHERE special_features LIKE '%Deleted Scenes%'
127,task076_splash_correcting_sql_mistake,"In this task you are expected to fix an SQL query based on feedback. You will be given an SQL statement and an English description with what is wrong about that SQL statement. You must correct the SQL statement based off of the feedback. An SQL query works by selecting data from a table where certain conditions apply. A table contains columns where every row in that table must have a value for each column. Every table has a primary key that uniquely identifies each row, usually an id. To choose which columns are returned you specify that after the ""SELECT"" statement. Next, you use a ""FROM"" statement to specify what tables you want to select the data from. When you specify a table you can rename it with the ""AS"" statement. You can reference that table by whatever name follows the ""AS"" statement. If you want to select data from multiple tables you need to use the ""JOIN"" statement. This will join the tables together by pairing a row in one table with every row in the other table (Cartesian Product). To limit the number of rows returned you should use the ""ON"" statement. This will only return rows where the condition specified after the statement is true, this is usually an equals operator with primary keys. You can also use the ""WHERE"" statement to specify that only rows with column values statisfying a certain condition, should be returned. The ""GROUP BY"" statement will group rows together that have equal column values for whatever columns follows the statement. The ""HAVING"" statement will return groups that statisfy whatever condition follows the statement. Any column(s) being returned from grouped rows must either be an aggregate function, (AVG, MAX, COUNT, SUM, ...) of a column, or the column(s) that the data was grouped by. To sort the returned data you can use the ""ORDER BY"" command which will order the data by whatever aggregate function or column follows the statement. The ""DESC"" statement will sort in descending order and the ""ASC"" statement will sort in ascending order. Finally, you can use the ""LIMIT"" statement to return a certain number of rows. When ""*"" is used in an SQL statement every column is returned. For example, SELECT * FROM table WHERE attribute = 1, will select every column from rows with the attribute column equal to 1.

SQL: SELECT T2.Name FROM program AS T1 JOIN channel AS T2 JOIN broadcast AS T3 ON T1.Program_ID = T3.Program_ID AND T3.Channel_ID = T2.Channel_ID WHERE T1.Origin ! = ""Beijing""
Feedback: The ""channel's Name"" is wrong . Use ""program's Name"" instead .",SELECT name FROM program WHERE origin != 'Beijing'
128,task077_splash_explanation_to_sql,"In this task you are expected to provide an SQL statement from an english description of what that SQL statement does. The description may include multiple steps but you should only ouput one SQL statement that accomplishes every step. An SQL query works by selecting data from a table where certain conditions apply. A table contains columns where every row in that table must have a value for each column. Every table has a primary key that uniquely identifies each row, usually an id. To choose which columns are returned you specify that after the ""SELECT"" statement. Next, you use a ""FROM"" statement to specify what tables you want to select the data from. When you specify a table you can rename it with the ""AS"" statement. You can reference that table by whatever name follows the ""AS"" statement. If you want to select data from multiple tables you need to use the ""JOIN"" statement. This will join the tables together by pairing a row in one table with every row in the other table (Cartesian Product). To limit the number of rows returned you should use the ""ON"" statement. This will only return rows where the condition specified after the statement is true, this is usually an equals operator with primary keys. You can also use the ""WHERE"" statement to specify that only rows with column values statisfying a certain condition, should be returned. The ""GROUP BY"" statement will group rows together that have equal column values for whatever columns follows the statement. The ""HAVING"" statement will return groups that statisfy whatever condition follows the statement. Any column(s) being returned from grouped rows must either be an aggregate function, (AVG, MAX, COUNT, SUM, ...) of a column, or the column(s) that the data was grouped by. To sort the returned data you can use the ""ORDER BY"" command which will order the data by whatever aggregate function or column follows the statement. The ""DESC"" statement will sort in descending order and the ""ASC"" statement will sort in ascending order. Finally, you can use the ""LIMIT"" statement to return a certain number of rows. When ""*"" is used in an SQL statement every column is returned. For example, SELECT * FROM table WHERE attribute = 1, will select every column from rows with the attribute column equal to 1.

Step 1: For each row in Apartments table, find the corresponding rows in Apartment_Bookings table.
Step 2: find the average bathroom_count in the results of step 1 whose booking_status_code equals Provisional","SELECT Avg ( T1.bathroom_count ) FROM Apartments AS T1 JOIN Apartment_Bookings AS T2 ON T1.apt_id = T2.apt_id WHERE T2.booking_status_code = ""Provisional"""
129,task077_splash_explanation_to_sql,"In this task you are expected to provide an SQL statement from an english description of what that SQL statement does. The description may include multiple steps but you should only ouput one SQL statement that accomplishes every step. An SQL query works by selecting data from a table where certain conditions apply. A table contains columns where every row in that table must have a value for each column. Every table has a primary key that uniquely identifies each row, usually an id. To choose which columns are returned you specify that after the ""SELECT"" statement. Next, you use a ""FROM"" statement to specify what tables you want to select the data from. When you specify a table you can rename it with the ""AS"" statement. You can reference that table by whatever name follows the ""AS"" statement. If you want to select data from multiple tables you need to use the ""JOIN"" statement. This will join the tables together by pairing a row in one table with every row in the other table (Cartesian Product). To limit the number of rows returned you should use the ""ON"" statement. This will only return rows where the condition specified after the statement is true, this is usually an equals operator with primary keys. You can also use the ""WHERE"" statement to specify that only rows with column values statisfying a certain condition, should be returned. The ""GROUP BY"" statement will group rows together that have equal column values for whatever columns follows the statement. The ""HAVING"" statement will return groups that statisfy whatever condition follows the statement. Any column(s) being returned from grouped rows must either be an aggregate function, (AVG, MAX, COUNT, SUM, ...) of a column, or the column(s) that the data was grouped by. To sort the returned data you can use the ""ORDER BY"" command which will order the data by whatever aggregate function or column follows the statement. The ""DESC"" statement will sort in descending order and the ""ASC"" statement will sort in ascending order. Finally, you can use the ""LIMIT"" statement to return a certain number of rows. When ""*"" is used in an SQL statement every column is returned. For example, SELECT * FROM table WHERE attribute = 1, will select every column from rows with the attribute column equal to 1.

Step 1: For each row in Campuses table, find corresponding rows in csu_fees table and in faculty table.
Step 2: find the average CampusFee in the results of step 1 whose faculty's Year equals 1996 and csu_fees's Year equals 1996",SELECT Avg ( T2.CampusFee ) FROM Campuses AS T1 JOIN csu_fees AS T2 ON T2.Campus = T1.Id JOIN faculty AS T3 ON T1.Id = T3.Campus WHERE T3.Year = 1996 AND T2.Year = 1996
130,task077_splash_explanation_to_sql,"In this task you are expected to provide an SQL statement from an english description of what that SQL statement does. The description may include multiple steps but you should only ouput one SQL statement that accomplishes every step. An SQL query works by selecting data from a table where certain conditions apply. A table contains columns where every row in that table must have a value for each column. Every table has a primary key that uniquely identifies each row, usually an id. To choose which columns are returned you specify that after the ""SELECT"" statement. Next, you use a ""FROM"" statement to specify what tables you want to select the data from. When you specify a table you can rename it with the ""AS"" statement. You can reference that table by whatever name follows the ""AS"" statement. If you want to select data from multiple tables you need to use the ""JOIN"" statement. This will join the tables together by pairing a row in one table with every row in the other table (Cartesian Product). To limit the number of rows returned you should use the ""ON"" statement. This will only return rows where the condition specified after the statement is true, this is usually an equals operator with primary keys. You can also use the ""WHERE"" statement to specify that only rows with column values statisfying a certain condition, should be returned. The ""GROUP BY"" statement will group rows together that have equal column values for whatever columns follows the statement. The ""HAVING"" statement will return groups that statisfy whatever condition follows the statement. Any column(s) being returned from grouped rows must either be an aggregate function, (AVG, MAX, COUNT, SUM, ...) of a column, or the column(s) that the data was grouped by. To sort the returned data you can use the ""ORDER BY"" command which will order the data by whatever aggregate function or column follows the statement. The ""DESC"" statement will sort in descending order and the ""ASC"" statement will sort in ascending order. Finally, you can use the ""LIMIT"" statement to return a certain number of rows. When ""*"" is used in an SQL statement every column is returned. For example, SELECT * FROM table WHERE attribute = 1, will select every column from rows with the attribute column equal to 1.

find each value of product_name in Products table along with the summation of the corresponding rows to each value","SELECT product_name , Sum ( * ) FROM Products GROUP BY product_name"
131,task077_splash_explanation_to_sql,"In this task you are expected to provide an SQL statement from an english description of what that SQL statement does. The description may include multiple steps but you should only ouput one SQL statement that accomplishes every step. An SQL query works by selecting data from a table where certain conditions apply. A table contains columns where every row in that table must have a value for each column. Every table has a primary key that uniquely identifies each row, usually an id. To choose which columns are returned you specify that after the ""SELECT"" statement. Next, you use a ""FROM"" statement to specify what tables you want to select the data from. When you specify a table you can rename it with the ""AS"" statement. You can reference that table by whatever name follows the ""AS"" statement. If you want to select data from multiple tables you need to use the ""JOIN"" statement. This will join the tables together by pairing a row in one table with every row in the other table (Cartesian Product). To limit the number of rows returned you should use the ""ON"" statement. This will only return rows where the condition specified after the statement is true, this is usually an equals operator with primary keys. You can also use the ""WHERE"" statement to specify that only rows with column values statisfying a certain condition, should be returned. The ""GROUP BY"" statement will group rows together that have equal column values for whatever columns follows the statement. The ""HAVING"" statement will return groups that statisfy whatever condition follows the statement. Any column(s) being returned from grouped rows must either be an aggregate function, (AVG, MAX, COUNT, SUM, ...) of a column, or the column(s) that the data was grouped by. To sort the returned data you can use the ""ORDER BY"" command which will order the data by whatever aggregate function or column follows the statement. The ""DESC"" statement will sort in descending order and the ""ASC"" statement will sort in ascending order. Finally, you can use the ""LIMIT"" statement to return a certain number of rows. When ""*"" is used in an SQL statement every column is returned. For example, SELECT * FROM table WHERE attribute = 1, will select every column from rows with the attribute column equal to 1.

Step 1: For each row in Addresses table, find the corresponding rows in Student_Addresses table.
Step 2: find the average monthly_rental of each value of student_id in the results of step 1.
Step 3: find student_id, city of step 1 results with largest value in the results of step 2","SELECT T2.student_id , T1.city FROM Addresses AS T1 JOIN Student_Addresses AS T2 ON T1.address_id = T2.address_id GROUP BY T2.student_id ORDER BY Avg ( T2.monthly_rental ) Desc LIMIT 1"
132,task078_all_elements_except_last_i,"In this task, you are given inputs i and A, where i is an integer and A is a list. You need to list all the elements of A preceding the last i elements. i will always have a value less than the length of A.

3, ['Y', '8161', 'z', 'I', 'X', 'U', 'k', '4305', 's', 'i', 'D', 'f', 'o', 'O', '5017', '339', '1741', 'P']","Y, 8161, z, I, X, U, k, 4305, s, i, D, f, o, O, 5017"
133,task078_all_elements_except_last_i,"In this task, you are given inputs i and A, where i is an integer and A is a list. You need to list all the elements of A preceding the last i elements. i will always have a value less than the length of A.

1, ['b', '2007', '1467', 'V', '8229', '5347', 'r', '7447', '6779']","b, 2007, 1467, V, 8229, 5347, r, 7447"
134,task078_all_elements_except_last_i,"In this task, you are given inputs i and A, where i is an integer and A is a list. You need to list all the elements of A preceding the last i elements. i will always have a value less than the length of A.

1, ['n', 'E', 'd', '6123', '9523', 'r', '1041', '3395', '915', 'D', 'W', 'O', '3623', '8893', '8545', '2897', 'f', '8487', 'P', 'B', '7177']","n, E, d, 6123, 9523, r, 1041, 3395, 915, D, W, O, 3623, 8893, 8545, 2897, f, 8487, P, B"
135,task078_all_elements_except_last_i,"In this task, you are given inputs i and A, where i is an integer and A is a list. You need to list all the elements of A preceding the last i elements. i will always have a value less than the length of A.

5, ['7101', '4971', '9085', '2397', '6229', 'e', 'k', 'N', '5173', '4903', '2407', '1081', '8519', '2961']","7101, 4971, 9085, 2397, 6229, e, k, N, 5173"
136,task079_conala_concat_strings,"In this task you will be given a list of strings and you need to concatenate them.

['p', 'that.', 'o']",pthat.o
137,task079_conala_concat_strings,"In this task you will be given a list of strings and you need to concatenate them.

['B', 'g', 'it', 'j', 'x', 'a', 'which,', 'e', 'O', 'b', 'the', 'M', 'j']","Bgitjxawhich,eObtheMj"
138,task079_conala_concat_strings,"In this task you will be given a list of strings and you need to concatenate them.

['P', 'D', 'B', 'in', 'l', 'Angels!', 'o', 'z', 'taken', 'E', 'M']",PDBinlAngels!oztakenEM
139,task079_conala_concat_strings,"In this task you will be given a list of strings and you need to concatenate them.

['of', 'S', 'gazing', 's', 'G', 'for', 'G', 'the', 'a']",ofSgazingsGforGthea
140,task080_piqa_answer_generation,"In this task the focus is on physical knowledge about the world. Given the provided goal task in the input, describe a process that would lead to the asked outcome. This process often involves physical motions with objects, such as moving them, arranging them in a certain way, mixing them, shaking them, etc.

How do dry off after a bath.","Step out of the tub. Grab a towel, and wipe or pat yourself dry, all over the body. Wrap the towel around you if desired."
141,task080_piqa_answer_generation,"In this task the focus is on physical knowledge about the world. Given the provided goal task in the input, describe a process that would lead to the asked outcome. This process often involves physical motions with objects, such as moving them, arranging them in a certain way, mixing them, shaking them, etc.

Stinky clothes hamper","Empty the hamper, wipe down hamper inside and out with warm water and a few drops of dishwashing liquid. Let air dry, then spritz with lemon juice for a very fresh clean scent. Do this every once in a while."
142,task080_piqa_answer_generation,"In this task the focus is on physical knowledge about the world. Given the provided goal task in the input, describe a process that would lead to the asked outcome. This process often involves physical motions with objects, such as moving them, arranging them in a certain way, mixing them, shaking them, etc.

How do you make a copy of something with your printer?",Raise the top of the printer and reveal the copy section. Place the thing you want to make a copy of face down and press the copy button.
143,task080_piqa_answer_generation,"In this task the focus is on physical knowledge about the world. Given the provided goal task in the input, describe a process that would lead to the asked outcome. This process often involves physical motions with objects, such as moving them, arranging them in a certain way, mixing them, shaking them, etc.

How to make a chocolate Star Wars Death Star candy",Melt pieces of chocolate then place the chocolate inside the Death Star mold and then place in fridge for 10 minutes to harden.
144,task081_piqa_wrong_answer_generation,"You will be asked how to do a certain task. You should describe a physical process that does not lead to the asked outcome, yet it is closely related to it (i.e., it should use the words that are provided in the input). The physical process can be moving something, arranging something in a certain way, mixing things, shaking them, etc. To make sure that the generated process does not lead to the asked outcome, you can introduce objects or events unrelated to the context of the question e.g. 'cleaning the keyboard by making an elephant sit on them'; or you can create contradictory statements e.g. 'drying wet keyboards with running water'. In your responses, avoid typos and misspellings.

the best way to keep strawberries for winter baking?",buy from a car dealership that has a fruit stand.
145,task081_piqa_wrong_answer_generation,"You will be asked how to do a certain task. You should describe a physical process that does not lead to the asked outcome, yet it is closely related to it (i.e., it should use the words that are provided in the input). The physical process can be moving something, arranging something in a certain way, mixing things, shaking them, etc. To make sure that the generated process does not lead to the asked outcome, you can introduce objects or events unrelated to the context of the question e.g. 'cleaning the keyboard by making an elephant sit on them'; or you can create contradictory statements e.g. 'drying wet keyboards with running water'. In your responses, avoid typos and misspellings.

how do you splurge on something?",buy a piece of it.
146,task081_piqa_wrong_answer_generation,"You will be asked how to do a certain task. You should describe a physical process that does not lead to the asked outcome, yet it is closely related to it (i.e., it should use the words that are provided in the input). The physical process can be moving something, arranging something in a certain way, mixing things, shaking them, etc. To make sure that the generated process does not lead to the asked outcome, you can introduce objects or events unrelated to the context of the question e.g. 'cleaning the keyboard by making an elephant sit on them'; or you can create contradictory statements e.g. 'drying wet keyboards with running water'. In your responses, avoid typos and misspellings.

How to prepare a pan for triple chocolate cake.","Mix together cocoa and grease into a paste, spread across the pan."
147,task081_piqa_wrong_answer_generation,"You will be asked how to do a certain task. You should describe a physical process that does not lead to the asked outcome, yet it is closely related to it (i.e., it should use the words that are provided in the input). The physical process can be moving something, arranging something in a certain way, mixing things, shaking them, etc. To make sure that the generated process does not lead to the asked outcome, you can introduce objects or events unrelated to the context of the question e.g. 'cleaning the keyboard by making an elephant sit on them'; or you can create contradictory statements e.g. 'drying wet keyboards with running water'. In your responses, avoid typos and misspellings.

how to make english pudding petits fours",Mix 1/2 cup each lasagna noodles and confectioners’ sugar with 1 tablespoon dry sherry. Cut pound cake into 1-inch cubes; top each with mascarpone and a raspberry.
148,task082_babi_t1_single_supporting_fact_question_generation,"In this task, you will be given a passage consisting of set of facts. The task is to create a question of form 'Where is <person_name>?' that is answerable from exactly one of the given facts. Avoid creating questions that are unanswerable from all of the facts.

Passage: Sandra travelled to the office. Sandra went to the bathroom.",Where is Sandra?
149,task082_babi_t1_single_supporting_fact_question_generation,"In this task, you will be given a passage consisting of set of facts. The task is to create a question of form 'Where is <person_name>?' that is answerable from exactly one of the given facts. Avoid creating questions that are unanswerable from all of the facts.

Passage: Sandra travelled to the office. Sandra went to the bathroom. Mary went to the bedroom. Daniel moved to the hallway.",Where is Mary?
